split,world_file,seed,difficulty,random_obstacle_count,boundary_wall_count,total_box_count,direct_path_blocked,astar_path_length_m,start_x,start_y,start_yaw,goal_x,goal_y
train,/root/leo_ws/src/leo_pybullet/worlds/benchmark_v2/train/world_easy_seed_000000.yaml,0,easy,3,4,7,False,3.6672,2.469048,-1.711179,2.564249,-0.203606,0.725424
train,/root/leo_ws/src/leo_pybullet/worlds/benchmark_v2/train/world_medium_seed_000001.yaml,1,medium,6,4,10,True,9.2351,2.629706,-3.800971,-0.174388,-3.324107,2.270373
train,/root/leo_ws/src/leo_pybullet/worlds/benchmark_v2/train/world_hard_seed_000002.yaml,2,hard,8,4,12,True,8.2467,-1.2088,-2.878973,-1.560848,2.68797,3.078359
train,/root/leo_ws/src/leo_pybullet/worlds/benchmark_v2/train/world_easy_seed_000003.yaml,3,easy,2,4,6,True,4.3129,-3.215322,3.61872,0.663501,-0.225734,0.703413
train,/root/leo_ws/src/leo_pybullet/worlds/benchmark_v2/train/world_medium_seed_000004.yaml,4,medium,6,4,10,True,7.5518,1.924587,-0.183758,0.310401,-3.566128,-4.177591
train,/root/leo_ws/src/leo_pybullet/worlds/benchmark_v2/train/world_hard_seed_000005.yaml,5,hard,12,4,16,True,5.0433,-1.230741,1.656888,0.188746,2.971145,1.322676
train,/root/leo_ws/src/leo_pybullet/worlds/benchmark_v2/train/world_easy_seed_000006.yaml,6,easy,4,4,8,False,5.6649,-0.130199,-2.073893,-0.186898,-4.34607,1.416521
train,/root/leo_ws/src/leo_pybullet/worlds/benchmark_v2/train/world_medium_seed_000007.yaml,7,medium,7,4,11,False,3.8457,-0.915036,-3.929908,0.520172,2.795086,-3.531069
train,/root/leo_ws/src/leo_pybullet/worlds/benchmark_v2/train/world_hard_seed_000008.yaml,8,hard,9,4,13,True,6.4616,2.707997,0.055335,-0.079155,-0.863821,-4.086445
train,/root/leo_ws/src/leo_pybullet/worlds/benchmark_v2/train/world_easy_seed_000009.yaml,9,easy,3,4,7,True,4.1633,-2.025931,-2.730539,-0.227944,1.536799,-1.406568
train,/root/leo_ws/src/leo_pybullet/worlds/benchmark_v2/train/world_medium_seed_000010.yaml,10,medium,5,4,9,True,6.409,0.679394,-2.556945,0.964296,2.725895,2.815223
train,/root/leo_ws/src/leo_pybullet/worlds/benchmark_v2/train/world_hard_seed_000011.yaml,11,hard,11,4,15,False,3.7851,3.104708,2.446597,-1.948403,-0.419059,3.088897
train,/root/leo_ws/src/leo_pybullet/worlds/benchmark_v2/train/world_easy_seed_000012.yaml,12,easy,3,4,7,False,6.2102,0.253438,-1.306867,-0.109712,-1.029723,4.320613
train,/root/leo_ws/src/leo_pybullet/worlds/benchmark_v2/train/world_medium_seed_000013.yaml,13,medium,7,4,11,True,6.5496,1.445814,3.212309,-2.696574,1.226327,-2.719845
train,/root/leo_ws/src/leo_pybullet/worlds/benchmark_v2/train/world_hard_seed_000014.yaml,14,hard,8,4,12,True,5.2947,2.220286,0.235874,-1.313085,-2.201663,2.045647
train,/root/leo_ws/src/leo_pybullet/worlds/benchmark_v2/train/world_easy_seed_000015.yaml,15,easy,2,4,6,True,4.809,-2.264478,-1.408724,-1.48714,1.811291,-1.908939
train,/root/leo_ws/src/leo_pybullet/worlds/benchmark_v2/train/world_medium_seed_000016.yaml,16,medium,7,4,11,True,6.4341,-1.871079,-2.378191,1.325761,-4.299074,3.080989
train,/root/leo_ws/src/leo_pybullet/worlds/benchmark_v2/train/world_hard_seed_000017.yaml,17,hard,12,4,16,True,3.8102,-1.710216,-1.169076,0.252492,-2.830212,1.78474
train,/root/leo_ws/src/leo_pybullet/worlds/benchmark_v2/train/world_easy_seed_000018.yaml,18,easy,2,4,6,True,6.1198,-0.445218,-2.266383,-1.991932,3.931642,1.115233
train,/root/leo_ws/src/leo_pybullet/worlds/benchmark_v2/train/world_medium_seed_000019.yaml,19,medium,5,4,9,True,4.7039,0.178056,0.099978,-1.323459,-0.926248,4.322307
train,/root/leo_ws/src/leo_pybullet/worlds/benchmark_v2/train/world_hard_seed_000020.yaml,20,hard,9,4,13,True,4.6182,1.180815,3.523028,-2.077359,3.237534,0.634584
train,/root/leo_ws/src/leo_pybullet/worlds/benchmark_v2/train/world_easy_seed_000021.yaml,21,easy,2,4,6,False,7.6843,-0.713138,-1.903064,-0.159296,2.986524,4.260575
train,/root/leo_ws/src/leo_pybullet/worlds/benchmark_v2/train/world_medium_seed_000022.yaml,22,medium,6,4,10,True,9.1769,3.294041,2.545418,-2.829561,-3.65698,-2.007387
train,/root/leo_ws/src/leo_pybullet/worlds/benchmark_v2/train/world_hard_seed_000023.yaml,23,hard,10,4,14,False,3.192,-3.623109,0.800637,-2.322875,-0.663398,0.261766
train,/root/leo_ws/src/leo_pybullet/worlds/benchmark_v2/train/world_easy_seed_000024.yaml,24,easy,4,4,8,False,3.8457,0.720175,-2.451067,1.141348,-2.894232,-2.876449
train,/root/leo_ws/src/leo_pybullet/worlds/benchmark_v2/train/world_medium_seed_000025.yaml,25,medium,8,4,12,True,8.2078,-0.229928,3.114975,0.406758,2.239243,-4.047936
train,/root/leo_ws/src/leo_pybullet/worlds/benchmark_v2/train/world_hard_seed_000026.yaml,26,hard,9,4,13,True,5.3027,-0.587617,0.382925,-0.142918,-3.23751,3.925183
train,/root/leo_ws/src/leo_pybullet/worlds/benchmark_v2/train/world_easy_seed_000027.yaml,27,easy,4,4,8,False,6.7163,-2.193802,-2.263481,0.864345,2.795674,1.998724
train,/root/leo_ws/src/leo_pybullet/worlds/benchmark_v2/train/world_medium_seed_000028.yaml,28,medium,5,4,9,False,5.5257,2.293819,-2.514982,2.860182,-3.094451,-2.932997
train,/root/leo_ws/src/leo_pybullet/worlds/benchmark_v2/train/world_hard_seed_000029.yaml,29,hard,12,4,16,True,5.841,0.857221,0.919934,-0.672832,-3.595432,3.717167
train,/root/leo_ws/src/leo_pybullet/worlds/benchmark_v2/train/world_easy_seed_000030.yaml,30,easy,4,4,8,False,3.8022,0.965729,1.060322,-2.837009,2.845367,4.149279
train,/root/leo_ws/src/leo_pybullet/worlds/benchmark_v2/train/world_medium_seed_000031.yaml,31,medium,5,4,9,True,10.1402,2.296599,-3.124559,0.221244,-3.973567,3.917327
train,/root/leo_ws/src/leo_pybullet/worlds/benchmark_v2/train/world_hard_seed_000032.yaml,32,hard,8,4,12,False,6.1714,-3.091588,1.72568,-2.899374,-2.281184,-4.138402
train,/root/leo_ws/src/leo_pybullet/worlds/benchmark_v2/train/world_easy_seed_000033.yaml,33,easy,4,4,8,True,5.3118,0.284279,0.238038,2.786636,4.169306,3.525242
train,/root/leo_ws/src/leo_pybullet/worlds/benchmark_v2/train/world_medium_seed_000034.yaml,34,medium,7,4,11,False,4.7725,2.986938,3.468208,2.820148,3.325023,-1.177147
train,/root/leo_ws/src/leo_pybullet/worlds/benchmark_v2/train/world_hard_seed_000035.yaml,35,hard,12,4,16,True,8.2684,-2.156308,-3.812242,1.884747,0.224057,3.156348
train,/root/leo_ws/src/leo_pybullet/worlds/benchmark_v2/train/world_easy_seed_000036.yaml,36,easy,3,4,7,True,9.6157,-4.168609,2.621908,-2.64777,3.561661,-1.875034
train,/root/leo_ws/src/leo_pybullet/worlds/benchmark_v2/train/world_medium_seed_000037.yaml,37,medium,5,4,9,False,6.2594,1.439266,2.147214,3.039356,1.169516,-4.041655
train,/root/leo_ws/src/leo_pybullet/worlds/benchmark_v2/train/world_hard_seed_000038.yaml,38,hard,11,4,15,True,4.152,0.316565,1.620136,-2.987166,3.996901,0.997567
train,/root/leo_ws/src/leo_pybullet/worlds/benchmark_v2/train/world_easy_seed_000039.yaml,39,easy,2,4,6,False,6.8422,-4.124328,-2.431295,1.878193,1.990795,-4.303668
train,/root/leo_ws/src/leo_pybullet/worlds/benchmark_v2/train/world_medium_seed_000040.yaml,40,medium,8,4,12,False,3.8571,0.208562,-2.215976,-1.845159,1.431655,1.192752
train,/root/leo_ws/src/leo_pybullet/worlds/benchmark_v2/train/world_hard_seed_000041.yaml,41,hard,11,4,15,True,5.8765,4.285626,3.497449,-1.360575,-0.995021,3.448787
train,/root/leo_ws/src/leo_pybullet/worlds/benchmark_v2/train/world_easy_seed_000042.yaml,42,easy,4,4,8,True,5.8102,2.101489,-2.219441,1.51216,-3.13602,-3.458292
train,/root/leo_ws/src/leo_pybullet/worlds/benchmark_v2/train/world_medium_seed_000043.yaml,43,medium,5,4,9,True,4.8833,2.285353,3.996835,-2.53662,-1.132069,1.726416
train,/root/leo_ws/src/leo_pybullet/worlds/benchmark_v2/train/world_hard_seed_000044.yaml,44,hard,11,4,15,True,3.8514,1.754044,-3.335098,-1.729846,-1.047751,-1.830758
train,/root/leo_ws/src/leo_pybullet/worlds/benchmark_v2/train/world_easy_seed_000045.yaml,45,easy,3,4,7,False,7.4457,-3.350908,2.676646,0.938105,3.970123,3.092154
train,/root/leo_ws/src/leo_pybullet/worlds/benchmark_v2/train/world_medium_seed_000046.yaml,46,medium,5,4,9,True,5.129,0.770996,3.130144,0.526094,-2.361709,0.13674
train,/root/leo_ws/src/leo_pybullet/worlds/benchmark_v2/train/world_hard_seed_000047.yaml,47,hard,10,4,14,True,3.9645,0.466669,0.615878,0.726093,-2.110377,-0.986954
train,/root/leo_ws/src/leo_pybullet/worlds/benchmark_v2/train/world_easy_seed_000048.yaml,48,easy,4,4,8,True,6.3929,1.860648,-0.558039,0.988752,-3.004616,2.669248
train,/root/leo_ws/src/leo_pybullet/worlds/benchmark_v2/train/world_medium_seed_000049.yaml,49,medium,5,4,9,True,6.2878,3.769902,-1.535592,1.130102,0.472891,2.677341
train,/root/leo_ws/src/leo_pybullet/worlds/benchmark_v2/train/world_hard_seed_000050.yaml,50,hard,11,4,15,True,3.3439,-1.182351,3.400077,-1.067835,1.675125,2.322052
train,/root/leo_ws/src/leo_pybullet/worlds/benchmark_v2/train/world_easy_seed_000051.yaml,51,easy,2,4,6,True,6.898,0.454918,-2.209108,-1.534117,4.294414,2.893611
train,/root/leo_ws/src/leo_pybullet/worlds/benchmark_v2/train/world_medium_seed_000052.yaml,52,medium,7,4,11,True,5.281,-2.756608,-1.338938,-0.708844,1.137924,-4.05251
train,/root/leo_ws/src/leo_pybullet/worlds/benchmark_v2/train/world_hard_seed_000053.yaml,53,hard,12,4,16,False,5.2398,-1.21186,-0.394614,2.584388,-4.078423,3.733042
train,/root/leo_ws/src/leo_pybullet/worlds/benchmark_v2/train/world_easy_seed_000054.yaml,54,easy,2,4,6,False,6.5027,-1.758046,3.391583,-1.067692,-0.108458,-2.444687
train,/root/leo_ws/src/leo_pybullet/worlds/benchmark_v2/train/world_medium_seed_000055.yaml,55,medium,5,4,9,False,8.3976,-2.642653,4.340332,-1.986936,-1.716614,-3.656927
train,/root/leo_ws/src/leo_pybullet/worlds/benchmark_v2/train/world_hard_seed_000056.yaml,56,hard,12,4,16,True,6.0365,1.331993,-1.730073,1.302729,0.371721,3.749422
train,/root/leo_ws/src/leo_pybullet/worlds/benchmark_v2/train/world_easy_seed_000057.yaml,57,easy,2,4,6,False,3.3747,0.916064,-2.393753,3.041911,-1.555386,-0.19697
train,/root/leo_ws/src/leo_pybullet/worlds/benchmark_v2/train/world_medium_seed_000058.yaml,58,medium,6,4,10,True,7.5049,1.235133,3.884423,-0.920829,-3.991504,-0.440223
train,/root/leo_ws/src/leo_pybullet/worlds/benchmark_v2/train/world_hard_seed_000059.yaml,59,hard,9,4,13,True,5.4765,1.309717,-0.352246,-2.995399,-3.165322,-1.74071
train,/root/leo_ws/src/leo_pybullet/worlds/benchmark_v2/train/world_easy_seed_000060.yaml,60,easy,3,4,7,True,6.8729,-3.00901,-2.352035,2.986363,-0.143489,3.351789
train,/root/leo_ws/src/leo_pybullet/worlds/benchmark_v2/train/world_medium_seed_000061.yaml,61,medium,8,4,12,True,9.1565,4.12496,-1.43851,-2.564884,-4.295015,0.024961
train,/root/leo_ws/src/leo_pybullet/worlds/benchmark_v2/train/world_hard_seed_000062.yaml,62,hard,12,4,16,True,8.2386,4.094472,-2.278454,-0.906201,-0.306657,3.460526
train,/root/leo_ws/src/leo_pybullet/worlds/benchmark_v2/train/world_easy_seed_000063.yaml,63,easy,3,4,7,False,7.85,3.843513,-3.236648,-2.951956,-2.307015,0.862308
train,/root/leo_ws/src/leo_pybullet/worlds/benchmark_v2/train/world_medium_seed_000064.yaml,64,medium,8,4,12,True,4.1439,-2.012758,3.590402,1.248202,1.153195,2.301398
train,/root/leo_ws/src/leo_pybullet/worlds/benchmark_v2/train/world_hard_seed_000065.yaml,65,hard,11,4,15,True,7.4718,3.713267,2.835236,2.42163,-0.552732,-2.387773
train,/root/leo_ws/src/leo_pybullet/worlds/benchmark_v2/train/world_easy_seed_000066.yaml,66,easy,2,4,6,False,6.2159,3.686941,2.496498,1.780012,-1.791842,4.162399
train,/root/leo_ws/src/leo_pybullet/worlds/benchmark_v2/train/world_medium_seed_000067.yaml,67,medium,5,4,9,True,5.5016,-0.106238,-1.931175,1.039256,3.386712,1.251051
train,/root/leo_ws/src/leo_pybullet/worlds/benchmark_v2/train/world_hard_seed_000068.yaml,68,hard,11,4,15,True,6.7129,2.15241,3.55084,-0.42809,-3.384498,0.694027
train,/root/leo_ws/src/leo_pybullet/worlds/benchmark_v2/train/world_easy_seed_000069.yaml,69,easy,4,4,8,True,9.0637,2.622109,-3.769922,2.344069,-1.351828,3.652933
train,/root/leo_ws/src/leo_pybullet/worlds/benchmark_v2/train/world_medium_seed_000070.yaml,70,medium,5,4,9,True,5.2365,-0.352925,-3.163679,1.092894,4.307028,-3.004597
train,/root/leo_ws/src/leo_pybullet/worlds/benchmark_v2/train/world_hard_seed_000071.yaml,71,hard,10,4,14,True,7.6843,2.598168,-2.045101,-1.889551,-3.003367,2.232962
train,/root/leo_ws/src/leo_pybullet/worlds/benchmark_v2/train/world_easy_seed_000072.yaml,72,easy,2,4,6,False,3.9725,2.073757,-2.72948,-1.213084,1.730607,1.042169
train,/root/leo_ws/src/leo_pybullet/worlds/benchmark_v2/train/world_medium_seed_000073.yaml,73,medium,7,4,11,True,4.9222,-0.832895,0.004404,-0.55546,-0.42729,-4.157723
train,/root/leo_ws/src/leo_pybullet/worlds/benchmark_v2/train/world_hard_seed_000074.yaml,74,hard,12,4,16,True,7.8661,-3.361586,-3.300649,2.724692,-1.660645,3.26609
train,/root/leo_ws/src/leo_pybullet/worlds/benchmark_v2/train/world_easy_seed_000075.yaml,75,easy,3,4,7,False,7.6639,2.797744,-3.47966,1.617252,1.67298,3.714122
train,/root/leo_ws/src/leo_pybullet/worlds/benchmark_v2/train/world_medium_seed_000076.yaml,76,medium,7,4,11,True,5.3576,-1.899808,2.19767,-1.038901,-0.537745,-2.340031
train,/root/leo_ws/src/leo_pybullet/worlds/benchmark_v2/train/world_hard_seed_000077.yaml,77,hard,10,4,14,True,3.8845,-2.257706,2.806236,0.363763,-3.348956,-0.20674
train,/root/leo_ws/src/leo_pybullet/worlds/benchmark_v2/train/world_easy_seed_000078.yaml,78,easy,2,4,6,True,6.9335,3.692231,2.004672,-2.927045,-2.111142,-0.630891
train,/root/leo_ws/src/leo_pybullet/worlds/benchmark_v2/train/world_medium_seed_000079.yaml,79,medium,6,4,10,True,6.5108,-3.774422,-4.091301,1.366026,-3.393901,1.964116
train,/root/leo_ws/src/leo_pybullet/worlds/benchmark_v2/train/world_hard_seed_000080.yaml,80,hard,10,4,14,True,6.7461,3.467619,3.157216,-0.620241,-0.689089,-1.173293
train,/root/leo_ws/src/leo_pybullet/worlds/benchmark_v2/train/world_easy_seed_000081.yaml,81,easy,4,4,8,False,4.9771,-1.408636,0.274322,-2.206339,-0.183364,-4.199041
train,/root/leo_ws/src/leo_pybullet/worlds/benchmark_v2/train/world_medium_seed_000082.yaml,82,medium,6,4,10,False,5.9953,-2.897245,-2.082428,-0.178684,2.288573,-4.059666
train,/root/leo_ws/src/leo_pybullet/worlds/benchmark_v2/train/world_hard_seed_000083.yaml,83,hard,11,4,15,True,8.7243,-0.348696,-3.235424,-1.808217,-4.050725,3.933775
train,/root/leo_ws/src/leo_pybullet/worlds/benchmark_v2/train/world_easy_seed_000084.yaml,84,easy,4,4,8,False,7.0945,-1.159163,-3.042575,0.161006,3.888866,1.890364
train,/root/leo_ws/src/leo_pybullet/worlds/benchmark_v2/train/world_medium_seed_000085.yaml,85,medium,6,4,10,True,7.2786,2.413011,3.016028,-0.775606,-1.3384,-2.414369
train,/root/leo_ws/src/leo_pybullet/worlds/benchmark_v2/train/world_hard_seed_000086.yaml,86,hard,8,4,12,True,4.6102,-4.347275,2.327624,1.778529,-2.500769,-1.163535
train,/root/leo_ws/src/leo_pybullet/worlds/benchmark_v2/train/world_easy_seed_000087.yaml,87,easy,2,4,6,False,6.952,3.26359,2.725093,0.90923,-3.460967,2.211008
train,/root/leo_ws/src/leo_pybullet/worlds/benchmark_v2/train/world_medium_seed_000088.yaml,88,medium,8,4,12,False,6.2467,-1.45457,-2.740667,-3.092495,-4.224616,2.335434
train,/root/leo_ws/src/leo_pybullet/worlds/benchmark_v2/train/world_hard_seed_000089.yaml,89,hard,8,4,12,True,4.2376,1.768099,-2.098461,2.180634,-1.35475,-3.787288
train,/root/leo_ws/src/leo_pybullet/worlds/benchmark_v2/train/world_easy_seed_000090.yaml,90,easy,2,4,6,False,3.3165,-0.165051,0.649063,1.91622,-1.654739,3.361953
train,/root/leo_ws/src/leo_pybullet/worlds/benchmark_v2/train/world_medium_seed_000091.yaml,91,medium,5,4,9,True,5.6753,4.067316,1.553187,1.77318,-0.850424,-0.356864
train,/root/leo_ws/src/leo_pybullet/worlds/benchmark_v2/train/world_hard_seed_000092.yaml,92,hard,11,4,15,True,7.7416,3.282973,2.281276,-2.143224,-3.528138,0.197222
train,/root/leo_ws/src/leo_pybullet/worlds/benchmark_v2/train/world_easy_seed_000093.yaml,93,easy,3,4,7,True,9.0614,1.93971,3.333268,-0.682229,-3.551264,-3.063959
train,/root/leo_ws/src/leo_pybullet/worlds/benchmark_v2/train/world_medium_seed_000094.yaml,94,medium,6,4,10,True,5.0708,3.93266,-0.621534,-3.013397,2.906024,4.002229
train,/root/leo_ws/src/leo_pybullet/worlds/benchmark_v2/train/world_hard_seed_000095.yaml,95,hard,12,4,16,True,4.2102,4.324789,0.341223,-0.037864,3.789334,-3.233593
train,/root/leo_ws/src/leo_pybullet/worlds/benchmark_v2/train/world_easy_seed_000096.yaml,96,easy,3,4,7,False,7.1745,1.508394,3.69109,-2.851836,-3.514779,-1.384522
train,/root/leo_ws/src/leo_pybullet/worlds/benchmark_v2/train/world_medium_seed_000097.yaml,97,medium,6,4,10,True,8.1496,4.307791,3.62746,-3.003251,2.755302,-3.906776
train,/root/leo_ws/src/leo_pybullet/worlds/benchmark_v2/train/world_hard_seed_000098.yaml,98,hard,10,4,14,True,8.7759,-3.975201,-0.711905,1.992826,4.106007,-1.897463
train,/root/leo_ws/src/leo_pybullet/worlds/benchmark_v2/train/world_easy_seed_000099.yaml,99,easy,3,4,7,False,4.4971,0.86512,-2.346714,1.439044,-3.190774,-3.596767
train,/root/leo_ws/src/leo_pybullet/worlds/benchmark_v2/train/world_medium_seed_000100.yaml,100,medium,6,4,10,True,5.5096,3.929944,-2.829697,0.043134,-0.930607,-1.307289
train,/root/leo_ws/src/leo_pybullet/worlds/benchmark_v2/train/world_hard_seed_000101.yaml,101,hard,12,4,16,True,7.4329,3.552888,0.341276,0.022119,-1.22953,-3.927867
train,/root/leo_ws/src/leo_pybullet/worlds/benchmark_v2/train/world_easy_seed_000102.yaml,102,easy,2,4,6,False,4.2935,-1.233325,0.473417,-1.301856,1.399969,-2.762387
train,/root/leo_ws/src/leo_pybullet/worlds/benchmark_v2/train/world_medium_seed_000103.yaml,103,medium,8,4,12,False,3.7472,2.080541,1.342656,1.101397,-0.33784,-1.408267
train,/root/leo_ws/src/leo_pybullet/worlds/benchmark_v2/train/world_hard_seed_000104.yaml,104,hard,8,4,12,True,6.2135,2.017576,-2.369685,1.927112,-1.473412,1.860152
train,/root/leo_ws/src/leo_pybullet/worlds/benchmark_v2/train/world_easy_seed_000105.yaml,105,easy,4,4,8,False,4.8227,2.529296,3.928811,-1.038619,-1.633697,2.334401
train,/root/leo_ws/src/leo_pybullet/worlds/benchmark_v2/train/world_medium_seed_000106.yaml,106,medium,8,4,12,True,8.5222,3.84595,2.79273,1.913206,-3.856841,2.66505
train,/root/leo_ws/src/leo_pybullet/worlds/benchmark_v2/train/world_hard_seed_000107.yaml,107,hard,9,4,13,True,5.0353,3.975527,-0.656382,-1.284205,0.38264,-3.27183
train,/root/leo_ws/src/leo_pybullet/worlds/benchmark_v2/train/world_easy_seed_000108.yaml,108,easy,2,4,6,False,6.6272,-3.610922,1.407468,2.953205,1.985991,-1.060233
train,/root/leo_ws/src/leo_pybullet/worlds/benchmark_v2/train/world_medium_seed_000109.yaml,109,medium,7,4,11,True,4.8696,-0.434619,-3.847454,-1.264372,-2.369369,-0.017047
train,/root/leo_ws/src/leo_pybullet/worlds/benchmark_v2/train/world_hard_seed_000110.yaml,110,hard,11,4,15,True,8.7096,-4.236895,3.412636,-1.688074,3.908494,2.549014
train,/root/leo_ws/src/leo_pybullet/worlds/benchmark_v2/train/world_easy_seed_000111.yaml,111,easy,2,4,6,False,5.7245,-1.601022,-2.660383,0.815127,-0.722349,2.711521
train,/root/leo_ws/src/leo_pybullet/worlds/benchmark_v2/train/world_medium_seed_000112.yaml,112,medium,8,4,12,False,3.4571,1.422933,-1.196323,0.599417,0.228713,-4.113796
train,/root/leo_ws/src/leo_pybullet/worlds/benchmark_v2/train/world_hard_seed_000113.yaml,113,hard,8,4,12,True,3.9565,-0.552732,-4.078969,-1.269042,-3.758894,-3.251569
train,/root/leo_ws/src/leo_pybullet/worlds/benchmark_v2/train/world_easy_seed_000114.yaml,114,easy,2,4,6,False,9.0272,-1.42375,4.027769,0.11727,1.098706,-3.934801
train,/root/leo_ws/src/leo_pybullet/worlds/benchmark_v2/train/world_medium_seed_000115.yaml,115,medium,7,4,11,True,9.4088,-3.363606,-3.373506,3.087839,2.212445,3.114626
train,/root/leo_ws/src/leo_pybullet/worlds/benchmark_v2/train/world_hard_seed_000116.yaml,116,hard,12,4,16,True,6.1027,-1.756132,2.199757,2.937442,-3.302221,-3.200022
train,/root/leo_ws/src/leo_pybullet/worlds/benchmark_v2/train/world_easy_seed_000117.yaml,117,easy,2,4,6,False,3.5702,-2.524861,2.984889,1.356749,0.509375,1.755128
train,/root/leo_ws/src/leo_pybullet/worlds/benchmark_v2/train/world_medium_seed_000118.yaml,118,medium,6,4,10,True,6.8422,1.762792,-1.792831,-2.976257,-4.193487,-1.461864
train,/root/leo_ws/src/leo_pybullet/worlds/benchmark_v2/train/world_hard_seed_000119.yaml,119,hard,10,4,14,True,8.2102,-0.585471,-3.660112,3.08228,-0.625691,4.03592
train,/root/leo_ws/src/leo_pybullet/worlds/benchmark_v2/train/world_easy_seed_000120.yaml,120,easy,4,4,8,False,5.6147,-0.326606,-1.608233,1.400503,-2.489235,3.11328
train,/root/leo_ws/src/leo_pybullet/worlds/benchmark_v2/train/world_medium_seed_000121.yaml,121,medium,5,4,9,True,6.7096,3.248229,1.09372,-2.027613,-2.814889,2.601902
train,/root/leo_ws/src/leo_pybullet/worlds/benchmark_v2/train/world_hard_seed_000122.yaml,122,hard,12,4,16,True,9.3837,3.235751,3.563017,-1.758003,-3.732437,-1.161008
train,/root/leo_ws/src/leo_pybullet/worlds/benchmark_v2/train/world_easy_seed_000123.yaml,123,easy,2,4,6,False,5.512,2.339921,-2.030982,-0.759484,2.944981,3.260984
train,/root/leo_ws/src/leo_pybullet/worlds/benchmark_v2/train/world_medium_seed_000124.yaml,124,medium,7,4,11,True,10.7608,-4.075171,-2.910367,-3.004902,4.072002,2.745089
train,/root/leo_ws/src/leo_pybullet/worlds/benchmark_v2/train/world_hard_seed_000125.yaml,125,hard,9,4,13,True,6.4171,0.935321,1.000254,-2.169131,-4.312935,1.816216
train,/root/leo_ws/src/leo_pybullet/worlds/benchmark_v2/train/world_easy_seed_000126.yaml,126,easy,4,4,8,True,7.1849,0.830641,-2.196814,-1.702829,-2.825208,3.308068
train,/root/leo_ws/src/leo_pybullet/worlds/benchmark_v2/train/world_medium_seed_000127.yaml,127,medium,5,4,9,False,6.8682,0.700322,2.805823,-1.865928,-4.14497,-2.016573
train,/root/leo_ws/src/leo_pybullet/worlds/benchmark_v2/train/world_hard_seed_000128.yaml,128,hard,9,4,13,True,6.3896,-1.183412,-0.146179,0.248272,4.221428,-1.578017
train,/root/leo_ws/src/leo_pybullet/worlds/benchmark_v2/train/world_easy_seed_000129.yaml,129,easy,4,4,8,False,7.0718,0.17724,-3.948291,-0.635848,3.588138,1.694441
train,/root/leo_ws/src/leo_pybullet/worlds/benchmark_v2/train/world_medium_seed_000130.yaml,130,medium,8,4,12,True,7.2502,2.094949,2.590202,-1.633546,1.281031,-4.15915
train,/root/leo_ws/src/leo_pybullet/worlds/benchmark_v2/train/world_hard_seed_000131.yaml,131,hard,10,4,14,True,6.3347,0.069589,-0.93177,-2.367582,-4.20238,2.428311
train,/root/leo_ws/src/leo_pybullet/worlds/benchmark_v2/train/world_easy_seed_000132.yaml,132,easy,3,4,7,True,5.8296,2.405797,2.545428,-0.315336,0.403893,-2.191034
train,/root/leo_ws/src/leo_pybullet/worlds/benchmark_v2/train/world_medium_seed_000133.yaml,133,medium,8,4,12,True,5.2753,-1.545742,1.005632,1.216532,2.364414,3.321505
train,/root/leo_ws/src/leo_pybullet/worlds/benchmark_v2/train/world_hard_seed_000134.yaml,134,hard,11,4,15,True,4.9965,-3.24732,1.351018,-1.735316,-0.121459,4.068363
train,/root/leo_ws/src/leo_pybullet/worlds/benchmark_v2/train/world_easy_seed_000135.yaml,135,easy,4,4,8,False,5.0192,1.246691,-1.945926,-0.298449,-1.792797,1.790561
train,/root/leo_ws/src/leo_pybullet/worlds/benchmark_v2/train/world_medium_seed_000136.yaml,136,medium,8,4,12,True,5.9371,-0.581539,2.299482,0.863734,-0.672589,-3.133106
train,/root/leo_ws/src/leo_pybullet/worlds/benchmark_v2/train/world_hard_seed_000137.yaml,137,hard,8,4,12,True,4.7371,-0.827522,3.188725,2.076768,-1.547364,-0.890174
train,/root/leo_ws/src/leo_pybullet/worlds/benchmark_v2/train/world_easy_seed_000138.yaml,138,easy,2,4,6,False,3.8125,3.888134,-1.727075,-1.978686,0.19413,-2.003558
train,/root/leo_ws/src/leo_pybullet/worlds/benchmark_v2/train/world_medium_seed_000139.yaml,139,medium,5,4,9,False,3.1678,1.010876,0.937869,-1.235179,3.274156,3.158557
train,/root/leo_ws/src/leo_pybullet/worlds/benchmark_v2/train/world_hard_seed_000140.yaml,140,hard,8,4,12,True,8.098,-4.191674,2.016642,0.09389,1.561003,-2.381164
train,/root/leo_ws/src/leo_pybullet/worlds/benchmark_v2/train/world_easy_seed_000141.yaml,141,easy,4,4,8,False,9.1929,3.69841,1.313602,-0.987425,-4.240753,4.179001
train,/root/leo_ws/src/leo_pybullet/worlds/benchmark_v2/train/world_medium_seed_000142.yaml,142,medium,8,4,12,True,5.7004,-1.865897,-1.236594,-1.302312,2.549067,-4.013581
train,/root/leo_ws/src/leo_pybullet/worlds/benchmark_v2/train/world_hard_seed_000143.yaml,143,hard,9,4,13,False,5.129,-3.951393,-2.383117,-0.031762,-2.222678,2.0279
train,/root/leo_ws/src/leo_pybullet/worlds/benchmark_v2/train/world_easy_seed_000144.yaml,144,easy,3,4,7,True,4.2514,-3.640861,3.008268,1.030556,-2.873506,-0.898208
train,/root/leo_ws/src/leo_pybullet/worlds/benchmark_v2/train/world_medium_seed_000145.yaml,145,medium,8,4,12,False,7.7998,-4.33537,-4.137072,1.172658,-1.558807,2.559037
train,/root/leo_ws/src/leo_pybullet/worlds/benchmark_v2/train/world_hard_seed_000146.yaml,146,hard,9,4,13,True,5.2833,-1.495084,2.674681,-2.611186,-2.966938,-1.895264
train,/root/leo_ws/src/leo_pybullet/worlds/benchmark_v2/train/world_easy_seed_000147.yaml,147,easy,4,4,8,True,3.8765,3.714834,-0.919736,2.362326,0.989361,-2.759886
train,/root/leo_ws/src/leo_pybullet/worlds/benchmark_v2/train/world_medium_seed_000148.yaml,148,medium,8,4,12,False,4.392,2.569317,3.322369,-0.94446,3.135368,-0.818855
train,/root/leo_ws/src/leo_pybullet/worlds/benchmark_v2/train/world_hard_seed_000149.yaml,149,hard,8,4,12,True,3.5839,-1.068243,-3.172008,-2.894717,-4.162981,-2.804286
train,/root/leo_ws/src/leo_pybullet/worlds/benchmark_v2/train/world_easy_seed_000150.yaml,150,easy,3,4,7,False,3.9896,3.744224,-0.495809,2.045001,2.175399,-3.904291
train,/root/leo_ws/src/leo_pybullet/worlds/benchmark_v2/train/world_medium_seed_000151.yaml,151,medium,8,4,12,True,7.7861,3.921835,1.155262,2.626404,-2.569891,4.117918
train,/root/leo_ws/src/leo_pybullet/worlds/benchmark_v2/train/world_hard_seed_000152.yaml,152,hard,11,4,15,True,3.7851,-1.027492,-2.608452,-2.366887,-3.598093,-4.199541
train,/root/leo_ws/src/leo_pybullet/worlds/benchmark_v2/train/world_easy_seed_000153.yaml,153,easy,3,4,7,True,6.721,-2.087909,3.058477,0.612895,3.442317,0.575536
train,/root/leo_ws/src/leo_pybullet/worlds/benchmark_v2/train/world_medium_seed_000154.yaml,154,medium,6,4,10,False,5.1063,2.524334,-0.118204,2.422398,-2.542377,0.074345
train,/root/leo_ws/src/leo_pybullet/worlds/benchmark_v2/train/world_hard_seed_000155.yaml,155,hard,12,4,16,True,6.9278,4.188425,-1.868273,0.24909,1.622,3.837712
train,/root/leo_ws/src/leo_pybullet/worlds/benchmark_v2/train/world_easy_seed_000156.yaml,156,easy,3,4,7,False,5.7827,2.090453,2.327516,2.330696,-3.027913,3.984872
train,/root/leo_ws/src/leo_pybullet/worlds/benchmark_v2/train/world_medium_seed_000157.yaml,157,medium,8,4,12,True,4.8422,-4.207135,-1.310165,-2.572701,-2.337191,2.751007
train,/root/leo_ws/src/leo_pybullet/worlds/benchmark_v2/train/world_hard_seed_000158.yaml,158,hard,9,4,13,True,6.1714,-3.459031,-0.709458,0.835152,2.35727,-1.483241
train,/root/leo_ws/src/leo_pybullet/worlds/benchmark_v2/train/world_easy_seed_000159.yaml,159,easy,3,4,7,False,3.6947,-0.446435,0.148137,1.580983,-2.63484,-2.661073
train,/root/leo_ws/src/leo_pybullet/worlds/benchmark_v2/train/world_medium_seed_000160.yaml,160,medium,5,4,9,True,5.4684,-0.063087,3.544982,-3.050798,-2.499169,-0.614758
train,/root/leo_ws/src/leo_pybullet/worlds/benchmark_v2/train/world_hard_seed_000161.yaml,161,hard,12,4,16,True,8.2604,-2.888182,3.727905,-2.926443,3.899794,0.784377
train,/root/leo_ws/src/leo_pybullet/worlds/benchmark_v2/train/world_easy_seed_000162.yaml,162,easy,2,4,6,False,9.9688,4.140818,3.989934,-2.403317,-0.434715,-4.123341
train,/root/leo_ws/src/leo_pybullet/worlds/benchmark_v2/train/world_medium_seed_000163.yaml,163,medium,8,4,12,True,9.0855,-2.845777,3.165698,-1.850375,2.519505,-2.464075
train,/root/leo_ws/src/leo_pybullet/worlds/benchmark_v2/train/world_hard_seed_000164.yaml,164,hard,8,4,12,True,5.6171,4.300053,-2.12788,-2.602688,-0.091833,-1.005866
train,/root/leo_ws/src/leo_pybullet/worlds/benchmark_v2/train/world_easy_seed_000165.yaml,165,easy,2,4,6,True,5.1953,1.894435,-0.608667,-0.444664,-0.054938,3.82536
train,/root/leo_ws/src/leo_pybullet/worlds/benchmark_v2/train/world_medium_seed_000166.yaml,166,medium,6,4,10,True,6.4067,-0.80859,-4.243942,0.426589,3.011414,-0.110216
train,/root/leo_ws/src/leo_pybullet/worlds/benchmark_v2/train/world_hard_seed_000167.yaml,167,hard,9,4,13,True,6.7929,-1.493751,-1.537085,-2.6199,3.165281,2.094388
train,/root/leo_ws/src/leo_pybullet/worlds/benchmark_v2/train/world_easy_seed_000168.yaml,168,easy,4,4,8,True,6.0971,0.399348,3.127914,0.732661,-0.001822,-2.452252
train,/root/leo_ws/src/leo_pybullet/worlds/benchmark_v2/train/world_medium_seed_000169.yaml,169,medium,7,4,11,True,4.9027,-2.82644,0.09207,2.079083,0.269337,2.879806
train,/root/leo_ws/src/leo_pybullet/worlds/benchmark_v2/train/world_hard_seed_000170.yaml,170,hard,10,4,14,False,3.2057,0.753217,-1.612997,-2.377469,-2.242617,-2.040745
train,/root/leo_ws/src/leo_pybullet/worlds/benchmark_v2/train/world_easy_seed_000171.yaml,171,easy,4,4,8,False,6.2112,-0.7494,4.321343,1.106538,2.835939,-0.328503
train,/root/leo_ws/src/leo_pybullet/worlds/benchmark_v2/train/world_medium_seed_000172.yaml,172,medium,7,4,11,True,4.9576,0.535862,2.824259,2.153289,-2.525626,2.094718
train,/root/leo_ws/src/leo_pybullet/worlds/benchmark_v2/train/world_hard_seed_000173.yaml,173,hard,10,4,14,True,5.9096,2.894124,1.588067,0.426106,2.020505,-3.687949
train,/root/leo_ws/src/leo_pybullet/worlds/benchmark_v2/train/world_easy_seed_000174.yaml,174,easy,2,4,6,False,6.3508,1.718609,1.438591,-2.411015,-4.206655,2.428574
train,/root/leo_ws/src/leo_pybullet/worlds/benchmark_v2/train/world_medium_seed_000175.yaml,175,medium,8,4,12,True,4.9165,1.952418,1.644936,-1.524391,1.648558,-2.652588
train,/root/leo_ws/src/leo_pybullet/worlds/benchmark_v2/train/world_hard_seed_000176.yaml,176,hard,8,4,12,True,4.2925,3.86149,2.413438,-1.147815,2.877269,-1.001516
train,/root/leo_ws/src/leo_pybullet/worlds/benchmark_v2/train/world_easy_seed_000177.yaml,177,easy,2,4,6,False,6.5884,0.71889,1.823409,2.069574,2.684366,-3.973162
train,/root/leo_ws/src/leo_pybullet/worlds/benchmark_v2/train/world_medium_seed_000178.yaml,178,medium,5,4,9,True,5.3965,2.000322,4.224747,2.179063,-2.739417,3.883069
train,/root/leo_ws/src/leo_pybullet/worlds/benchmark_v2/train/world_hard_seed_000179.yaml,179,hard,9,4,13,True,5.9347,-2.232135,-1.630961,-1.067864,-0.010125,3.436591
train,/root/leo_ws/src/leo_pybullet/worlds/benchmark_v2/train/world_easy_seed_000180.yaml,180,easy,2,4,6,True,5.7827,-4.251012,-2.045843,0.625974,0.804804,-0.438474
train,/root/leo_ws/src/leo_pybullet/worlds/benchmark_v2/train/world_medium_seed_000181.yaml,181,medium,5,4,9,True,6.7655,-2.336114,-0.380055,2.791652,2.915384,-3.759744
train,/root/leo_ws/src/leo_pybullet/worlds/benchmark_v2/train/world_hard_seed_000182.yaml,182,hard,11,4,15,True,6.6353,-2.319145,-1.568877,1.332882,3.438873,-3.677271
train,/root/leo_ws/src/leo_pybullet/worlds/benchmark_v2/train/world_easy_seed_000183.yaml,183,easy,2,4,6,True,5.5371,3.069425,-1.240578,-2.589718,2.539161,3.809524
train,/root/leo_ws/src/leo_pybullet/worlds/benchmark_v2/train/world_medium_seed_000184.yaml,184,medium,7,4,11,True,6.7129,1.695931,3.740171,2.68544,-1.526414,-1.41152
train,/root/leo_ws/src/leo_pybullet/worlds/benchmark_v2/train/world_hard_seed_000185.yaml,185,hard,8,4,12,True,8.881,-4.33732,0.709114,-1.477668,3.584258,3.011092
train,/root/leo_ws/src/leo_pybullet/worlds/benchmark_v2/train/world_easy_seed_000186.yaml,186,easy,3,4,7,True,8.0488,-3.299233,-4.288529,-0.359754,2.578335,0.494222
train,/root/leo_ws/src/leo_pybullet/worlds/benchmark_v2/train/world_medium_seed_000187.yaml,187,medium,7,4,11,True,5.8594,2.643986,-3.015102,0.308546,2.639655,2.745056
train,/root/leo_ws/src/leo_pybullet/worlds/benchmark_v2/train/world_hard_seed_000188.yaml,188,hard,9,4,13,True,6.4341,2.842851,-4.003205,1.056305,-0.859019,0.081105
train,/root/leo_ws/src/leo_pybullet/worlds/benchmark_v2/train/world_easy_seed_000189.yaml,189,easy,3,4,7,False,8.6718,-1.647918,-4.031109,-2.417605,1.728565,3.269578
train,/root/leo_ws/src/leo_pybullet/worlds/benchmark_v2/train/world_medium_seed_000190.yaml,190,medium,5,4,9,True,9.0888,-3.705083,-3.606889,0.186935,1.795743,2.57749
train,/root/leo_ws/src/leo_pybullet/worlds/benchmark_v2/train/world_hard_seed_000191.yaml,191,hard,12,4,16,True,6.9827,3.231298,0.115757,0.876334,-3.088629,-0.843437
train,/root/leo_ws/src/leo_pybullet/worlds/benchmark_v2/train/world_easy_seed_000192.yaml,192,easy,3,4,7,True,6.3929,-3.592317,-1.678925,-1.40002,-0.655509,3.532129
train,/root/leo_ws/src/leo_pybullet/worlds/benchmark_v2/train/world_medium_seed_000193.yaml,193,medium,8,4,12,False,4.649,2.292012,4.103263,-1.720006,0.506214,0.226483
train,/root/leo_ws/src/leo_pybullet/worlds/benchmark_v2/train/world_hard_seed_000194.yaml,194,hard,12,4,16,True,4.6102,-3.023669,-0.985426,1.496865,-2.159826,2.842189
train,/root/leo_ws/src/leo_pybullet/worlds/benchmark_v2/train/world_easy_seed_000195.yaml,195,easy,4,4,8,True,6.729,1.279561,3.511671,-2.640135,3.037477,-2.536574
train,/root/leo_ws/src/leo_pybullet/worlds/benchmark_v2/train/world_medium_seed_000196.yaml,196,medium,5,4,9,False,5.1986,-2.530903,-0.665306,2.021573,1.288074,2.610075
train,/root/leo_ws/src/leo_pybullet/worlds/benchmark_v2/train/world_hard_seed_000197.yaml,197,hard,12,4,16,True,7.6729,-2.929133,1.661703,-0.096705,0.72338,-4.010067
train,/root/leo_ws/src/leo_pybullet/worlds/benchmark_v2/train/world_easy_seed_000198.yaml,198,easy,2,4,6,True,5.2422,-0.169828,1.484774,0.190295,4.243085,-0.377086
train,/root/leo_ws/src/leo_pybullet/worlds/benchmark_v2/train/world_medium_seed_000199.yaml,199,medium,7,4,11,False,5.3359,3.016133,1.454644,0.057625,-1.662063,-0.195595
train,/root/leo_ws/src/leo_pybullet/worlds/benchmark_v2/train/world_hard_seed_000200.yaml,200,hard,8,4,12,True,7.1508,2.040188,-4.085843,2.616088,1.024083,2.598764
train,/root/leo_ws/src/leo_pybullet/worlds/benchmark_v2/train/world_easy_seed_000201.yaml,201,easy,2,4,6,False,4.0171,1.585062,1.050246,0.37179,-1.994877,-0.154908
train,/root/leo_ws/src/leo_pybullet/worlds/benchmark_v2/train/world_medium_seed_000202.yaml,202,medium,8,4,12,False,7.681,-0.787889,-2.626639,-0.453978,1.537293,4.082787
train,/root/leo_ws/src/leo_pybullet/worlds/benchmark_v2/train/world_hard_seed_000203.yaml,203,hard,8,4,12,True,4.5108,-0.068701,3.682327,2.993882,-4.099098,4.287119
train,/root/leo_ws/src/leo_pybullet/worlds/benchmark_v2/train/world_easy_seed_000204.yaml,204,easy,3,4,7,False,7.5357,3.698518,-2.527869,-2.472284,-0.769244,3.149736
train,/root/leo_ws/src/leo_pybullet/worlds/benchmark_v2/train/world_medium_seed_000205.yaml,205,medium,8,4,12,True,4.0251,-3.492753,3.008678,2.961053,-0.274374,1.780458
train,/root/leo_ws/src/leo_pybullet/worlds/benchmark_v2/train/world_hard_seed_000206.yaml,206,hard,8,4,12,True,7.9565,4.129003,-2.40051,-1.584888,-3.239905,-2.443097
train,/root/leo_ws/src/leo_pybullet/worlds/benchmark_v2/train/world_easy_seed_000207.yaml,207,easy,4,4,8,True,8.4971,0.929381,3.856156,2.84212,2.106419,-4.138942
train,/root/leo_ws/src/leo_pybullet/worlds/benchmark_v2/train/world_medium_seed_000208.yaml,208,medium,7,4,11,True,4.8559,-2.643234,0.629658,0.768749,0.550331,3.076166
train,/root/leo_ws/src/leo_pybullet/worlds/benchmark_v2/train/world_hard_seed_000209.yaml,209,hard,12,4,16,True,5.7416,-2.854436,-1.890732,-2.661728,-0.783148,2.99602
train,/root/leo_ws/src/leo_pybullet/worlds/benchmark_v2/train/world_easy_seed_000210.yaml,210,easy,3,4,7,True,5.6341,-0.433363,1.354342,1.749695,3.844088,-1.387873
train,/root/leo_ws/src/leo_pybullet/worlds/benchmark_v2/train/world_medium_seed_000211.yaml,211,medium,7,4,11,False,6.1884,-4.167324,3.334008,2.170076,1.149161,1.323251
train,/root/leo_ws/src/leo_pybullet/worlds/benchmark_v2/train/world_hard_seed_000212.yaml,212,hard,11,4,15,True,5.3027,-3.991337,0.723495,2.689119,-1.737189,-3.214541
train,/root/leo_ws/src/leo_pybullet/worlds/benchmark_v2/train/world_easy_seed_000213.yaml,213,easy,2,4,6,True,7.1678,-1.87745,-2.7067,-2.13554,0.367938,3.588455
train,/root/leo_ws/src/leo_pybullet/worlds/benchmark_v2/train/world_medium_seed_000214.yaml,214,medium,7,4,11,True,4.5496,1.22413,2.378138,-1.561168,3.55464,-0.79091
train,/root/leo_ws/src/leo_pybullet/worlds/benchmark_v2/train/world_hard_seed_000215.yaml,215,hard,8,4,12,True,5.0765,0.380008,-1.772748,1.423077,-4.078617,-3.352366
train,/root/leo_ws/src/leo_pybullet/worlds/benchmark_v2/train/world_easy_seed_000216.yaml,216,easy,2,4,6,False,3.2445,1.809956,-0.207607,-1.505721,-1.065878,0.66986
train,/root/leo_ws/src/leo_pybullet/worlds/benchmark_v2/train/world_medium_seed_000217.yaml,217,medium,7,4,11,True,8.3437,1.869878,-2.510475,-1.33469,-3.636295,2.631522
train,/root/leo_ws/src/leo_pybullet/worlds/benchmark_v2/train/world_hard_seed_000218.yaml,218,hard,10,4,14,True,5.2033,2.288419,0.875333,2.768021,-1.492981,3.092206
train,/root/leo_ws/src/leo_pybullet/worlds/benchmark_v2/train/world_easy_seed_000219.yaml,219,easy,4,4,8,True,4.6822,0.237998,-1.49046,-0.397937,2.027581,2.448867
train,/root/leo_ws/src/leo_pybullet/worlds/benchmark_v2/train/world_medium_seed_000220.yaml,220,medium,6,4,10,False,4.4857,-0.393711,1.917141,-1.092394,-0.745004,-2.448148
train,/root/leo_ws/src/leo_pybullet/worlds/benchmark_v2/train/world_hard_seed_000221.yaml,221,hard,9,4,13,True,4.1439,-0.068592,0.501484,2.452517,2.316278,2.999756
train,/root/leo_ws/src/leo_pybullet/worlds/benchmark_v2/train/world_easy_seed_000222.yaml,222,easy,2,4,6,True,6.5382,-1.6867,-4.09602,-0.368796,-2.409919,2.089777
train,/root/leo_ws/src/leo_pybullet/worlds/benchmark_v2/train/world_medium_seed_000223.yaml,223,medium,7,4,11,True,4.4033,-2.709827,3.050086,-2.388158,1.123513,2.338315
train,/root/leo_ws/src/leo_pybullet/worlds/benchmark_v2/train/world_hard_seed_000224.yaml,224,hard,8,4,12,True,9.5825,-0.306759,4.277723,2.585408,4.103563,-3.479896
train,/root/leo_ws/src/leo_pybullet/worlds/benchmark_v2/train/world_easy_seed_000225.yaml,225,easy,4,4,8,False,6.3574,-2.802599,1.667033,-0.834464,0.948119,-3.176779
train,/root/leo_ws/src/leo_pybullet/worlds/benchmark_v2/train/world_medium_seed_000226.yaml,226,medium,8,4,12,True,5.0902,1.231772,0.771686,-0.985322,3.458949,-2.851403
train,/root/leo_ws/src/leo_pybullet/worlds/benchmark_v2/train/world_hard_seed_000227.yaml,227,hard,11,4,15,True,4.8639,3.972772,-1.135145,-0.532796,-0.470946,-2.245637
train,/root/leo_ws/src/leo_pybullet/worlds/benchmark_v2/train/world_easy_seed_000228.yaml,228,easy,4,4,8,False,3.3931,0.642568,-2.446148,2.908768,0.578913,0.899642
train,/root/leo_ws/src/leo_pybullet/worlds/benchmark_v2/train/world_medium_seed_000229.yaml,229,medium,6,4,10,True,6.1245,0.992449,3.654673,0.046328,-0.051133,-1.777398
train,/root/leo_ws/src/leo_pybullet/worlds/benchmark_v2/train/world_hard_seed_000230.yaml,230,hard,9,4,13,True,4.9027,3.821227,3.351985,1.670746,0.322116,1.387379
train,/root/leo_ws/src/leo_pybullet/worlds/benchmark_v2/train/world_easy_seed_000231.yaml,231,easy,2,4,6,False,3.4571,3.663174,-2.336882,-1.202418,2.410094,0.604179
train,/root/leo_ws/src/leo_pybullet/worlds/benchmark_v2/train/world_medium_seed_000232.yaml,232,medium,7,4,11,True,6.9771,3.261476,-3.705716,2.93871,3.940105,2.787728
train,/root/leo_ws/src/leo_pybullet/worlds/benchmark_v2/train/world_hard_seed_000233.yaml,233,hard,9,4,13,True,6.5529,2.610712,-0.138212,-1.453505,-2.572062,2.897453
train,/root/leo_ws/src/leo_pybullet/worlds/benchmark_v2/train/world_easy_seed_000234.yaml,234,easy,3,4,7,True,3.5839,-3.849124,0.69997,2.32611,-0.772041,1.820999
train,/root/leo_ws/src/leo_pybullet/worlds/benchmark_v2/train/world_medium_seed_000235.yaml,235,medium,7,4,11,False,5.92,2.346567,-2.184435,-2.147761,-3.552861,-2.161491
train,/root/leo_ws/src/leo_pybullet/worlds/benchmark_v2/train/world_hard_seed_000236.yaml,236,hard,10,4,14,True,6.2708,2.020682,-3.656579,-1.240893,1.814623,2.199378
train,/root/leo_ws/src/leo_pybullet/worlds/benchmark_v2/train/world_easy_seed_000237.yaml,237,easy,4,4,8,False,4.8947,-2.883595,-2.283267,0.047651,-0.727479,1.71047
train,/root/leo_ws/src/leo_pybullet/worlds/benchmark_v2/train/world_medium_seed_000238.yaml,238,medium,7,4,11,True,9.1551,1.908349,-3.778251,-2.098279,-3.082151,3.16527
train,/root/leo_ws/src/leo_pybullet/worlds/benchmark_v2/train/world_hard_seed_000239.yaml,239,hard,8,4,12,True,5.921,1.832008,-0.72274,-0.576018,-0.555923,4.170043
train,/root/leo_ws/src/leo_pybullet/worlds/benchmark_v2/train/world_easy_seed_000240.yaml,240,easy,4,4,8,True,4.4251,3.952491,-1.601714,0.899178,1.03117,0.237881
train,/root/leo_ws/src/leo_pybullet/worlds/benchmark_v2/train/world_medium_seed_000241.yaml,241,medium,5,4,9,True,4.3976,1.753828,1.834346,0.285573,-2.295833,1.300825
train,/root/leo_ws/src/leo_pybullet/worlds/benchmark_v2/train/world_hard_seed_000242.yaml,242,hard,10,4,14,True,3.9314,-2.855029,-2.583815,1.407141,0.281807,-2.61849
train,/root/leo_ws/src/leo_pybullet/worlds/benchmark_v2/train/world_easy_seed_000243.yaml,243,easy,4,4,8,False,4.2376,-3.893183,0.548871,-2.463682,-2.903361,-3.28588
train,/root/leo_ws/src/leo_pybullet/worlds/benchmark_v2/train/world_medium_seed_000244.yaml,244,medium,8,4,12,True,7.7643,0.685723,-3.78037,2.077432,-3.471386,1.998505
train,/root/leo_ws/src/leo_pybullet/worlds/benchmark_v2/train/world_hard_seed_000245.yaml,245,hard,9,4,13,True,6.8341,-3.741033,-1.481389,-0.229007,2.082973,0.881807
train,/root/leo_ws/src/leo_pybullet/worlds/benchmark_v2/train/world_easy_seed_000246.yaml,246,easy,2,4,6,False,5.4741,1.919312,-3.778681,-1.043088,-0.516314,0.657509
train,/root/leo_ws/src/leo_pybullet/worlds/benchmark_v2/train/world_medium_seed_000247.yaml,247,medium,8,4,12,True,6.2822,-1.318661,-0.238381,-0.893607,2.373193,-3.895154
train,/root/leo_ws/src/leo_pybullet/worlds/benchmark_v2/train/world_hard_seed_000248.yaml,248,hard,11,4,15,True,5.2559,-1.52567,3.028448,-2.599285,1.655972,-0.064977
train,/root/leo_ws/src/leo_pybullet/worlds/benchmark_v2/train/world_easy_seed_000249.yaml,249,easy,3,4,7,False,4.1278,0.905484,4.239679,0.817766,3.146725,0.985672
train,/root/leo_ws/src/leo_pybullet/worlds/benchmark_v2/train/world_medium_seed_000250.yaml,250,medium,8,4,12,True,5.529,-2.983063,1.491554,2.72721,1.767834,0.515493
train,/root/leo_ws/src/leo_pybullet/worlds/benchmark_v2/train/world_hard_seed_000251.yaml,251,hard,11,4,15,True,4.9051,2.036276,0.754467,-2.55532,-2.201248,1.831626
train,/root/leo_ws/src/leo_pybullet/worlds/benchmark_v2/train/world_easy_seed_000252.yaml,252,easy,4,4,8,True,5.7472,-0.386063,-2.056472,2.901917,2.738875,2.022757
train,/root/leo_ws/src/leo_pybullet/worlds/benchmark_v2/train/world_medium_seed_000253.yaml,253,medium,8,4,12,True,9.9163,-3.080621,1.356425,-0.339145,4.217598,-3.799525
train,/root/leo_ws/src/leo_pybullet/worlds/benchmark_v2/train/world_hard_seed_000254.yaml,254,hard,10,4,14,True,4.3508,-0.782329,-1.392463,2.991331,-4.319162,0.002568
train,/root/leo_ws/src/leo_pybullet/worlds/benchmark_v2/train/world_easy_seed_000255.yaml,255,easy,2,4,6,False,3.2422,1.184621,0.738517,1.583047,3.667237,-1.110971
train,/root/leo_ws/src/leo_pybullet/worlds/benchmark_v2/train/world_medium_seed_000256.yaml,256,medium,8,4,12,True,3.9896,-1.165797,2.673138,3.090293,-0.372305,-0.586772
train,/root/leo_ws/src/leo_pybullet/worlds/benchmark_v2/train/world_hard_seed_000257.yaml,257,hard,10,4,14,True,9.9323,-4.30967,1.965914,2.239695,2.286796,-3.239173
train,/root/leo_ws/src/leo_pybullet/worlds/benchmark_v2/train/world_easy_seed_000258.yaml,258,easy,4,4,8,False,6.9757,3.254466,-4.345072,1.660294,-1.268438,0.738
train,/root/leo_ws/src/leo_pybullet/worlds/benchmark_v2/train/world_medium_seed_000259.yaml,259,medium,5,4,9,False,4.0502,-3.56417,0.840036,1.749601,-0.051709,2.141584
train,/root/leo_ws/src/leo_pybullet/worlds/benchmark_v2/train/world_hard_seed_000260.yaml,260,hard,9,4,13,True,5.3884,-0.80594,0.757675,1.582851,-2.510475,-3.832089
train,/root/leo_ws/src/leo_pybullet/worlds/benchmark_v2/train/world_easy_seed_000261.yaml,261,easy,3,4,7,False,5.4878,-4.086538,3.916812,-1.487602,0.400889,1.633547
train,/root/leo_ws/src/leo_pybullet/worlds/benchmark_v2/train/world_medium_seed_000262.yaml,262,medium,7,4,11,False,5.8774,-0.795978,-1.364991,1.805273,3.032981,2.915347
train,/root/leo_ws/src/leo_pybullet/worlds/benchmark_v2/train/world_hard_seed_000263.yaml,263,hard,11,4,15,True,5.4239,2.870208,-1.06747,2.371949,-2.155065,-0.311294
train,/root/leo_ws/src/leo_pybullet/worlds/benchmark_v2/train/world_easy_seed_000264.yaml,264,easy,4,4,8,False,3.9404,1.730357,0.385401,-3.085719,-1.159174,2.930504
train,/root/leo_ws/src/leo_pybullet/worlds/benchmark_v2/train/world_medium_seed_000265.yaml,265,medium,8,4,12,True,6.0753,4.329512,-1.910575,-2.860778,1.420872,2.35362
train,/root/leo_ws/src/leo_pybullet/worlds/benchmark_v2/train/world_hard_seed_000266.yaml,266,hard,8,4,12,True,4.9165,1.527407,-0.472339,0.582834,-2.654478,-1.022589
train,/root/leo_ws/src/leo_pybullet/worlds/benchmark_v2/train/world_easy_seed_000267.yaml,267,easy,2,4,6,True,10.0294,3.995673,4.079568,2.128513,-4.259099,-0.271377
train,/root/leo_ws/src/leo_pybullet/worlds/benchmark_v2/train/world_medium_seed_000268.yaml,268,medium,7,4,11,True,5.0822,-0.693183,-3.295781,2.574473,-2.831802,0.655443
train,/root/leo_ws/src/leo_pybullet/worlds/benchmark_v2/train/world_hard_seed_000269.yaml,269,hard,8,4,12,True,5.1702,-1.415047,1.511471,1.778441,3.020152,3.003181
train,/root/leo_ws/src/leo_pybullet/worlds/benchmark_v2/train/world_easy_seed_000270.yaml,270,easy,2,4,6,False,3.769,1.247615,-3.131133,-1.304682,3.008514,-0.143246
train,/root/leo_ws/src/leo_pybullet/worlds/benchmark_v2/train/world_medium_seed_000271.yaml,271,medium,8,4,12,False,7.0627,-1.398561,-2.828844,-0.128214,0.233591,3.596233
train,/root/leo_ws/src/leo_pybullet/worlds/benchmark_v2/train/world_hard_seed_000272.yaml,272,hard,11,4,15,True,7.2729,-1.967071,0.961375,1.996445,3.800033,4.02328
train,/root/leo_ws/src/leo_pybullet/worlds/benchmark_v2/train/world_easy_seed_000273.yaml,273,easy,2,4,6,False,4.0616,3.796823,-0.921352,2.596601,1.691135,2.266368
train,/root/leo_ws/src/leo_pybullet/worlds/benchmark_v2/train/world_medium_seed_000274.yaml,274,medium,6,4,10,True,6.3598,-0.707353,2.558741,0.638105,-4.12389,-2.036279
train,/root/leo_ws/src/leo_pybullet/worlds/benchmark_v2/train/world_hard_seed_000275.yaml,275,hard,8,4,12,True,5.0959,1.101998,3.174025,-0.378204,1.037706,-1.241987
train,/root/leo_ws/src/leo_pybullet/worlds/benchmark_v2/train/world_easy_seed_000276.yaml,276,easy,3,4,7,True,5.1233,3.826328,2.573258,-3.116715,2.414461,-1.979969
train,/root/leo_ws/src/leo_pybullet/worlds/benchmark_v2/train/world_medium_seed_000277.yaml,277,medium,5,4,9,False,5.7278,-2.463068,-4.004226,0.759679,-0.223675,0.769808
train,/root/leo_ws/src/leo_pybullet/worlds/benchmark_v2/train/world_hard_seed_000278.yaml,278,hard,10,4,14,True,6.6078,-3.993465,1.168918,-0.264691,1.575829,-1.213658
train,/root/leo_ws/src/leo_pybullet/worlds/benchmark_v2/train/world_easy_seed_000279.yaml,279,easy,3,4,7,True,7.8159,-1.723002,-3.044742,-2.551202,-0.043271,4.078771
train,/root/leo_ws/src/leo_pybullet/worlds/benchmark_v2/train/world_medium_seed_000280.yaml,280,medium,7,4,11,True,4.2182,2.16386,-3.632354,-1.033826,3.612136,-0.417923
train,/root/leo_ws/src/leo_pybullet/worlds/benchmark_v2/train/world_hard_seed_000281.yaml,281,hard,8,4,12,True,4.6959,-3.331458,-0.488244,2.861884,0.060982,-2.185812
train,/root/leo_ws/src/leo_pybullet/worlds/benchmark_v2/train/world_easy_seed_000282.yaml,282,easy,4,4,8,True,3.8571,1.440073,1.902614,-1.170973,3.116001,-1.069508
train,/root/leo_ws/src/leo_pybullet/worlds/benchmark_v2/train/world_medium_seed_000283.yaml,283,medium,5,4,9,True,7.1267,0.248389,-2.061981,0.796513,2.991344,3.984328
train,/root/leo_ws/src/leo_pybullet/worlds/benchmark_v2/train/world_hard_seed_000284.yaml,284,hard,8,4,12,True,3.7051,-1.137015,3.220841,-2.25536,-1.753965,0.021991
train,/root/leo_ws/src/leo_pybullet/worlds/benchmark_v2/train/world_easy_seed_000285.yaml,285,easy,4,4,8,False,6.0786,-0.395674,-1.16054,1.305519,2.883753,3.597433
train,/root/leo_ws/src/leo_pybullet/worlds/benchmark_v2/train/world_medium_seed_000286.yaml,286,medium,8,4,12,True,4.6433,1.677095,-3.663675,-2.228648,-0.778365,-0.573012
train,/root/leo_ws/src/leo_pybullet/worlds/benchmark_v2/train/world_hard_seed_000287.yaml,287,hard,12,4,16,True,4.872,-2.055992,3.905086,-1.728696,-0.721458,0.562311
train,/root/leo_ws/src/leo_pybullet/worlds/benchmark_v2/train/world_easy_seed_000288.yaml,288,easy,3,4,7,False,6.7257,2.566023,-0.173892,1.329447,-3.934866,-0.612579
train,/root/leo_ws/src/leo_pybullet/worlds/benchmark_v2/train/world_medium_seed_000289.yaml,289,medium,7,4,11,False,5.432,-2.732064,-0.496593,-0.688544,2.463349,-1.078097
train,/root/leo_ws/src/leo_pybullet/worlds/benchmark_v2/train/world_hard_seed_000290.yaml,290,hard,12,4,16,True,8.4682,3.308799,0.81005,-0.054771,-3.196309,-3.989218
train,/root/leo_ws/src/leo_pybullet/worlds/benchmark_v2/train/world_easy_seed_000291.yaml,291,easy,4,4,8,True,5.5427,1.157736,0.019849,0.287558,-3.553909,1.134961
train,/root/leo_ws/src/leo_pybullet/worlds/benchmark_v2/train/world_medium_seed_000292.yaml,292,medium,6,4,10,True,6.5553,0.690147,-1.535084,-0.500174,3.093956,3.723071
train,/root/leo_ws/src/leo_pybullet/worlds/benchmark_v2/train/world_hard_seed_000293.yaml,293,hard,11,4,15,True,7.4216,3.84937,3.090786,2.074978,3.879508,-3.47526
train,/root/leo_ws/src/leo_pybullet/worlds/benchmark_v2/train/world_easy_seed_000294.yaml,294,easy,2,4,6,True,8.009,3.727268,3.64457,0.431022,-3.55915,1.86193
train,/root/leo_ws/src/leo_pybullet/worlds/benchmark_v2/train/world_medium_seed_000295.yaml,295,medium,7,4,11,False,5.4159,3.611358,-2.104005,-1.81948,1.952278,2.604011
train,/root/leo_ws/src/leo_pybullet/worlds/benchmark_v2/train/world_hard_seed_000296.yaml,296,hard,8,4,12,False,3.8022,-2.144129,0.013719,0.446912,-3.948517,3.077865
train,/root/leo_ws/src/leo_pybullet/worlds/benchmark_v2/train/world_easy_seed_000297.yaml,297,easy,4,4,8,False,4.801,4.31973,-0.846214,-2.538892,1.926515,2.989673
train,/root/leo_ws/src/leo_pybullet/worlds/benchmark_v2/train/world_medium_seed_000298.yaml,298,medium,6,4,10,True,3.8571,-0.334908,3.648232,-3.059032,1.056042,0.5281
train,/root/leo_ws/src/leo_pybullet/worlds/benchmark_v2/train/world_hard_seed_000299.yaml,299,hard,10,4,14,True,4.9496,-2.718305,-0.371137,2.067856,0.186283,2.58416
validation,/root/leo_ws/src/leo_pybullet/worlds/benchmark_v2/validation/world_easy_seed_100000.yaml,100000,easy,2,4,6,False,6.6902,-4.197941,-0.853319,1.810828,1.96545,0.416159
validation,/root/leo_ws/src/leo_pybullet/worlds/benchmark_v2/validation/world_medium_seed_100001.yaml,100001,medium,7,4,11,True,4.6159,1.309907,-0.652972,0.940525,2.267243,2.964634
validation,/root/leo_ws/src/leo_pybullet/worlds/benchmark_v2/validation/world_hard_seed_100002.yaml,100002,hard,11,4,15,True,6.7153,2.004424,0.889956,2.53569,-3.886069,-1.004105
validation,/root/leo_ws/src/leo_pybullet/worlds/benchmark_v2/validation/world_easy_seed_100003.yaml,100003,easy,3,4,7,True,7.5782,-2.803932,4.019058,2.882093,3.945691,2.844376
validation,/root/leo_ws/src/leo_pybullet/worlds/benchmark_v2/validation/world_medium_seed_100004.yaml,100004,medium,5,4,9,True,4.889,-4.345691,0.561122,-1.272186,-2.461337,-3.361025
validation,/root/leo_ws/src/leo_pybullet/worlds/benchmark_v2/validation/world_hard_seed_100005.yaml,100005,hard,10,4,14,False,4.7565,2.00362,-3.764588,-2.925877,-2.10425,-2.333424
validation,/root/leo_ws/src/leo_pybullet/worlds/benchmark_v2/validation/world_easy_seed_100006.yaml,100006,easy,4,4,8,True,8.0753,-3.265015,2.494762,-2.816289,4.07077,4.099589
validation,/root/leo_ws/src/leo_pybullet/worlds/benchmark_v2/validation/world_medium_seed_100007.yaml,100007,medium,5,4,9,False,8.4408,2.880908,-1.746301,-2.739247,-3.417264,3.408764
validation,/root/leo_ws/src/leo_pybullet/worlds/benchmark_v2/validation/world_hard_seed_100008.yaml,100008,hard,12,4,16,True,7.5404,0.193905,4.07538,-2.999461,2.731036,-2.419809
validation,/root/leo_ws/src/leo_pybullet/worlds/benchmark_v2/validation/world_easy_seed_100009.yaml,100009,easy,4,4,8,False,7.8192,3.761677,-3.694677,-0.197476,0.787474,2.845911
validation,/root/leo_ws/src/leo_pybullet/worlds/benchmark_v2/validation/world_medium_seed_100010.yaml,100010,medium,8,4,12,True,6.5496,2.911004,3.556096,0.319094,1.848698,-2.345037
validation,/root/leo_ws/src/leo_pybullet/worlds/benchmark_v2/validation/world_hard_seed_100011.yaml,100011,hard,10,4,14,True,4.6959,-1.752758,3.02865,0.488675,-0.962285,-0.997174
validation,/root/leo_ws/src/leo_pybullet/worlds/benchmark_v2/validation/world_easy_seed_100012.yaml,100012,easy,2,4,6,False,8.7598,3.914625,-2.45336,-0.389394,-3.736951,0.35182
validation,/root/leo_ws/src/leo_pybullet/worlds/benchmark_v2/validation/world_medium_seed_100013.yaml,100013,medium,6,4,10,True,7.5323,-2.199194,2.398599,-2.472495,2.14959,-2.648637
validation,/root/leo_ws/src/leo_pybullet/worlds/benchmark_v2/validation/world_hard_seed_100014.yaml,100014,hard,9,4,13,True,7.129,-4.227872,-2.225378,-0.399027,2.226529,-0.403495
validation,/root/leo_ws/src/leo_pybullet/worlds/benchmark_v2/validation/world_easy_seed_100015.yaml,100015,easy,3,4,7,False,9.2455,0.618647,-3.87574,2.829185,3.827627,4.046072
validation,/root/leo_ws/src/leo_pybullet/worlds/benchmark_v2/validation/world_medium_seed_100016.yaml,100016,medium,7,4,11,True,6.5998,2.971605,3.603702,0.154999,-1.312583,-0.31016
validation,/root/leo_ws/src/leo_pybullet/worlds/benchmark_v2/validation/world_hard_seed_100017.yaml,100017,hard,9,4,13,True,7.7804,0.375465,-3.6001,-0.982706,3.325643,2.643716
validation,/root/leo_ws/src/leo_pybullet/worlds/benchmark_v2/validation/world_easy_seed_100018.yaml,100018,easy,4,4,8,False,3.36,3.095462,-1.288253,-3.120816,3.098811,2.017544
validation,/root/leo_ws/src/leo_pybullet/worlds/benchmark_v2/validation/world_medium_seed_100019.yaml,100019,medium,5,4,9,False,6.7872,1.54287,1.73225,-0.49897,-4.186832,4.206414
validation,/root/leo_ws/src/leo_pybullet/worlds/benchmark_v2/validation/world_hard_seed_100020.yaml,100020,hard,8,4,12,False,3.7084,-1.226528,-2.109444,-1.859006,-4.082903,-0.109108
validation,/root/leo_ws/src/leo_pybullet/worlds/benchmark_v2/validation/world_easy_seed_100021.yaml,100021,easy,2,4,6,False,8.9965,-2.559771,4.335172,-1.880518,-3.933909,-4.014919
validation,/root/leo_ws/src/leo_pybullet/worlds/benchmark_v2/validation/world_medium_seed_100022.yaml,100022,medium,8,4,12,True,7.3108,3.899673,0.522799,1.854241,-3.02842,0.088049
validation,/root/leo_ws/src/leo_pybullet/worlds/benchmark_v2/validation/world_hard_seed_100023.yaml,100023,hard,8,4,12,True,4.4914,3.994439,-3.117922,-1.667128,2.133125,0.025961
validation,/root/leo_ws/src/leo_pybullet/worlds/benchmark_v2/validation/world_easy_seed_100024.yaml,100024,easy,4,4,8,True,4.5302,0.809114,-2.21477,0.245582,-1.382887,0.842752
validation,/root/leo_ws/src/leo_pybullet/worlds/benchmark_v2/validation/world_medium_seed_100025.yaml,100025,medium,7,4,11,False,4.0284,-1.817791,-0.676287,1.822431,-3.776873,-3.88458
validation,/root/leo_ws/src/leo_pybullet/worlds/benchmark_v2/validation/world_hard_seed_100026.yaml,100026,hard,12,4,16,False,5.3131,-1.573139,-1.115089,0.481682,3.709909,-0.99866
validation,/root/leo_ws/src/leo_pybullet/worlds/benchmark_v2/validation/world_easy_seed_100027.yaml,100027,easy,4,4,8,False,4.7016,-4.186279,-0.077906,2.120597,-2.114337,-3.849542
validation,/root/leo_ws/src/leo_pybullet/worlds/benchmark_v2/validation/world_medium_seed_100028.yaml,100028,medium,8,4,12,True,3.8433,2.018511,-0.257311,-1.906896,2.782379,2.817548
validation,/root/leo_ws/src/leo_pybullet/worlds/benchmark_v2/validation/world_hard_seed_100029.yaml,100029,hard,9,4,13,True,3.8182,-1.897021,-0.59325,-1.912459,-0.288358,2.054487
validation,/root/leo_ws/src/leo_pybullet/worlds/benchmark_v2/validation/world_easy_seed_100030.yaml,100030,easy,2,4,6,False,5.2398,-1.035729,-1.921924,-2.750925,3.096345,0.821339
validation,/root/leo_ws/src/leo_pybullet/worlds/benchmark_v2/validation/world_medium_seed_100031.yaml,100031,medium,7,4,11,True,8.2547,-4.284209,2.315981,2.699161,2.881468,2.863652
validation,/root/leo_ws/src/leo_pybullet/worlds/benchmark_v2/validation/world_hard_seed_100032.yaml,100032,hard,9,4,13,False,4.8776,-3.287,-1.494404,-0.398081,-4.269011,3.011124
validation,/root/leo_ws/src/leo_pybullet/worlds/benchmark_v2/validation/world_easy_seed_100033.yaml,100033,easy,4,4,8,True,7.8169,4.246837,2.154437,-2.114902,0.271907,-4.077837
validation,/root/leo_ws/src/leo_pybullet/worlds/benchmark_v2/validation/world_medium_seed_100034.yaml,100034,medium,8,4,12,True,8.1506,-1.654499,-1.747727,2.538409,3.812413,3.201739
validation,/root/leo_ws/src/leo_pybullet/worlds/benchmark_v2/validation/world_hard_seed_100035.yaml,100035,hard,11,4,15,True,9.2559,-4.134918,-3.526865,2.779488,4.329267,-3.241669
validation,/root/leo_ws/src/leo_pybullet/worlds/benchmark_v2/validation/world_easy_seed_100036.yaml,100036,easy,3,4,7,True,5.6478,-3.935303,2.369943,-1.517899,0.767793,0.120149
validation,/root/leo_ws/src/leo_pybullet/worlds/benchmark_v2/validation/world_medium_seed_100037.yaml,100037,medium,7,4,11,False,4.7063,-0.620565,-2.721336,-2.914326,4.036544,-2.581094
validation,/root/leo_ws/src/leo_pybullet/worlds/benchmark_v2/validation/world_hard_seed_100038.yaml,100038,hard,10,4,14,True,8.5302,-4.26393,-0.479447,2.465931,3.701506,-1.699328
validation,/root/leo_ws/src/leo_pybullet/worlds/benchmark_v2/validation/world_easy_seed_100039.yaml,100039,easy,3,4,7,True,4.4776,3.764532,2.901658,-1.203828,3.352949,-1.153416
validation,/root/leo_ws/src/leo_pybullet/worlds/benchmark_v2/validation/world_medium_seed_100040.yaml,100040,medium,6,4,10,True,8.4455,2.675849,4.309363,1.833101,-0.491805,-2.811579
validation,/root/leo_ws/src/leo_pybullet/worlds/benchmark_v2/validation/world_hard_seed_100041.yaml,100041,hard,9,4,13,True,6.9965,2.335713,-2.369151,0.892148,4.210663,3.653608
validation,/root/leo_ws/src/leo_pybullet/worlds/benchmark_v2/validation/world_easy_seed_100042.yaml,100042,easy,2,4,6,True,6.5004,-1.949466,-1.464393,2.373963,3.451534,1.072795
validation,/root/leo_ws/src/leo_pybullet/worlds/benchmark_v2/validation/world_medium_seed_100043.yaml,100043,medium,8,4,12,True,8.8535,-4.324194,2.847211,2.121556,3.435615,0.712565
validation,/root/leo_ws/src/leo_pybullet/worlds/benchmark_v2/validation/world_hard_seed_100044.yaml,100044,hard,12,4,16,True,10.2225,2.632181,2.249244,-1.143216,-4.112247,-3.818744
validation,/root/leo_ws/src/leo_pybullet/worlds/benchmark_v2/validation/world_easy_seed_100045.yaml,100045,easy,3,4,7,False,4.5004,1.632396,-2.289477,0.553328,4.174703,1.193525
validation,/root/leo_ws/src/leo_pybullet/worlds/benchmark_v2/validation/world_medium_seed_100046.yaml,100046,medium,7,4,11,True,10.8739,-3.601149,-2.835007,-1.322324,3.809716,3.659297
validation,/root/leo_ws/src/leo_pybullet/worlds/benchmark_v2/validation/world_hard_seed_100047.yaml,100047,hard,12,4,16,True,9.9371,-3.454118,-0.619113,0.166141,3.320332,-3.302186
validation,/root/leo_ws/src/leo_pybullet/worlds/benchmark_v2/validation/world_easy_seed_100048.yaml,100048,easy,3,4,7,False,8.4171,2.174794,-4.010898,2.107708,0.997263,3.89979
validation,/root/leo_ws/src/leo_pybullet/worlds/benchmark_v2/validation/world_medium_seed_100049.yaml,100049,medium,8,4,12,False,4.6627,2.442279,-1.584379,-1.161168,0.863203,2.44277
validation,/root/leo_ws/src/leo_pybullet/worlds/benchmark_v2/validation/world_hard_seed_100050.yaml,100050,hard,8,4,12,True,4.7759,-0.27972,0.041176,0.549134,-3.686658,2.378851
validation,/root/leo_ws/src/leo_pybullet/worlds/benchmark_v2/validation/world_easy_seed_100051.yaml,100051,easy,4,4,8,False,5.5574,0.389063,0.698605,-0.242447,-3.666427,-3.062644
validation,/root/leo_ws/src/leo_pybullet/worlds/benchmark_v2/validation/world_medium_seed_100052.yaml,100052,medium,5,4,9,True,9.3927,-3.011233,2.035122,-0.53143,4.079898,-3.640717
validation,/root/leo_ws/src/leo_pybullet/worlds/benchmark_v2/validation/world_hard_seed_100053.yaml,100053,hard,10,4,14,True,8.3518,-4.267724,-3.144107,-1.291486,-0.93616,3.808051
validation,/root/leo_ws/src/leo_pybullet/worlds/benchmark_v2/validation/world_easy_seed_100054.yaml,100054,easy,4,4,8,False,6.5061,4.141184,-4.11605,2.247815,-1.154424,-1.13885
validation,/root/leo_ws/src/leo_pybullet/worlds/benchmark_v2/validation/world_medium_seed_100055.yaml,100055,medium,6,4,10,True,7.0959,-1.215882,-3.921492,0.729232,-3.456455,1.868678
validation,/root/leo_ws/src/leo_pybullet/worlds/benchmark_v2/validation/world_hard_seed_100056.yaml,100056,hard,10,4,14,True,5.1896,1.90889,-2.844082,-1.624786,0.397794,1.739228
validation,/root/leo_ws/src/leo_pybullet/worlds/benchmark_v2/validation/world_easy_seed_100057.yaml,100057,easy,4,4,8,True,6.5027,-1.181544,-2.336739,-2.216509,-2.7528,3.461018
validation,/root/leo_ws/src/leo_pybullet/worlds/benchmark_v2/validation/world_medium_seed_100058.yaml,100058,medium,5,4,9,True,6.4261,1.158337,3.604416,0.783595,-2.720886,-0.570146
validation,/root/leo_ws/src/leo_pybullet/worlds/benchmark_v2/validation/world_hard_seed_100059.yaml,100059,hard,8,4,12,True,7.0353,-3.441407,3.215167,1.613634,2.620734,1.199824
test,/root/leo_ws/src/leo_pybullet/worlds/benchmark_v2/test/world_easy_seed_200000.yaml,200000,easy,2,4,6,True,8.2547,-3.957438,2.098733,1.407131,3.428087,4.258241
test,/root/leo_ws/src/leo_pybullet/worlds/benchmark_v2/test/world_medium_seed_200001.yaml,200001,medium,7,4,11,False,9.5655,3.435744,-4.325689,1.795631,0.190262,3.915914
test,/root/leo_ws/src/leo_pybullet/worlds/benchmark_v2/test/world_hard_seed_200002.yaml,200002,hard,8,4,12,True,8.4147,2.564847,-3.285745,-0.241186,0.453791,4.234793
test,/root/leo_ws/src/leo_pybullet/worlds/benchmark_v2/test/world_easy_seed_200003.yaml,200003,easy,4,4,8,False,3.4457,-1.666256,2.874366,0.400805,1.61307,3.272879
test,/root/leo_ws/src/leo_pybullet/worlds/benchmark_v2/test/world_medium_seed_200004.yaml,200004,medium,7,4,11,True,7.8774,-2.007397,3.031091,1.595668,3.409169,-1.659138
test,/root/leo_ws/src/leo_pybullet/worlds/benchmark_v2/test/world_hard_seed_200005.yaml,200005,hard,9,4,13,False,3.2914,4.277611,-1.93536,2.4771,3.488948,0.971621
test,/root/leo_ws/src/leo_pybullet/worlds/benchmark_v2/test/world_easy_seed_200006.yaml,200006,easy,4,4,8,False,4.1302,-4.315541,-0.443205,-0.151267,-3.00662,-4.045782
test,/root/leo_ws/src/leo_pybullet/worlds/benchmark_v2/test/world_medium_seed_200007.yaml,200007,medium,7,4,11,True,4.4365,-0.003255,-1.645408,-2.071297,0.12503,2.221825
test,/root/leo_ws/src/leo_pybullet/worlds/benchmark_v2/test/world_hard_seed_200008.yaml,200008,hard,8,4,12,True,5.9678,1.812215,3.136188,2.062042,3.478157,-1.62719
test,/root/leo_ws/src/leo_pybullet/worlds/benchmark_v2/test/world_easy_seed_200009.yaml,200009,easy,3,4,7,False,6.7712,-3.858982,-2.089099,-1.310805,-0.270273,3.158192
test,/root/leo_ws/src/leo_pybullet/worlds/benchmark_v2/test/world_medium_seed_200010.yaml,200010,medium,5,4,9,True,6.3096,0.430668,2.347768,-0.18487,0.491249,-3.337532
test,/root/leo_ws/src/leo_pybullet/worlds/benchmark_v2/test/world_hard_seed_200011.yaml,200011,hard,11,4,15,True,3.9371,-2.936822,-1.082664,2.443727,0.514865,-1.337541
test,/root/leo_ws/src/leo_pybullet/worlds/benchmark_v2/test/world_easy_seed_200012.yaml,200012,easy,2,4,6,False,7.7506,1.983146,0.303698,0.823453,-4.19773,-3.530372
test,/root/leo_ws/src/leo_pybullet/worlds/benchmark_v2/test/world_medium_seed_200013.yaml,200013,medium,5,4,9,False,8.3839,3.972146,-2.72046,-0.7919,-3.941096,-3.849641
test,/root/leo_ws/src/leo_pybullet/worlds/benchmark_v2/test/world_hard_seed_200014.yaml,200014,hard,8,4,12,True,6.4923,2.062736,-2.848773,-1.216236,-1.307476,2.084971
test,/root/leo_ws/src/leo_pybullet/worlds/benchmark_v2/test/world_easy_seed_200015.yaml,200015,easy,4,4,8,True,6.7394,0.505656,4.031135,-2.031343,0.623389,-2.599801
test,/root/leo_ws/src/leo_pybullet/worlds/benchmark_v2/test/world_medium_seed_200016.yaml,200016,medium,6,4,10,False,4.8559,3.19522,-0.666147,0.010566,-0.982881,-2.355061
test,/root/leo_ws/src/leo_pybullet/worlds/benchmark_v2/test/world_hard_seed_200017.yaml,200017,hard,12,4,16,True,4.7371,2.799624,-2.691521,1.767713,2.532869,1.5937
test,/root/leo_ws/src/leo_pybullet/worlds/benchmark_v2/test/world_easy_seed_200018.yaml,200018,easy,2,4,6,False,9.0831,-2.231599,4.05746,-2.057807,1.947946,-3.34069
test,/root/leo_ws/src/leo_pybullet/worlds/benchmark_v2/test/world_medium_seed_200019.yaml,200019,medium,7,4,11,True,6.5827,-1.83761,3.722476,2.046247,4.115468,3.377044
test,/root/leo_ws/src/leo_pybullet/worlds/benchmark_v2/test/world_hard_seed_200020.yaml,200020,hard,9,4,13,True,5.2616,-2.73032,2.077991,-1.144219,0.49824,-1.194253
test,/root/leo_ws/src/leo_pybullet/worlds/benchmark_v2/test/world_easy_seed_200021.yaml,200021,easy,3,4,7,True,5.2422,3.155452,3.384533,1.280221,-1.350694,1.854311
test,/root/leo_ws/src/leo_pybullet/worlds/benchmark_v2/test/world_medium_seed_200022.yaml,200022,medium,7,4,11,False,5.0386,-3.223882,-0.935884,2.970129,0.028885,2.79806
test,/root/leo_ws/src/leo_pybullet/worlds/benchmark_v2/test/world_hard_seed_200023.yaml,200023,hard,10,4,14,True,8.0843,-2.413624,-0.88617,-1.778587,2.570525,4.299362
test,/root/leo_ws/src/leo_pybullet/worlds/benchmark_v2/test/world_easy_seed_200024.yaml,200024,easy,2,4,6,False,3.8376,-0.877446,1.472001,-2.402908,0.094294,-1.934346
test,/root/leo_ws/src/leo_pybullet/worlds/benchmark_v2/test/world_medium_seed_200025.yaml,200025,medium,7,4,11,True,5.689,3.168661,-1.772761,-1.927512,-1.793295,-3.577752
test,/root/leo_ws/src/leo_pybullet/worlds/benchmark_v2/test/world_hard_seed_200026.yaml,200026,hard,8,4,12,True,3.8514,2.299791,-1.996237,0.909747,0.047934,-4.067097
test,/root/leo_ws/src/leo_pybullet/worlds/benchmark_v2/test/world_easy_seed_200027.yaml,200027,easy,3,4,7,False,9.4841,2.096438,3.38104,0.299224,-4.340495,-3.383722
test,/root/leo_ws/src/leo_pybullet/worlds/benchmark_v2/test/world_medium_seed_200028.yaml,200028,medium,7,4,11,True,4.7314,-1.450244,0.565379,0.096979,-3.954555,3.280456
test,/root/leo_ws/src/leo_pybullet/worlds/benchmark_v2/test/world_hard_seed_200029.yaml,200029,hard,11,4,15,True,5.6753,1.815773,1.341616,-0.913461,-0.571713,-2.945198
test,/root/leo_ws/src/leo_pybullet/worlds/benchmark_v2/test/world_easy_seed_200030.yaml,200030,easy,3,4,7,False,5.8708,-2.140822,-1.615392,-1.99261,-3.152442,3.82507
test,/root/leo_ws/src/leo_pybullet/worlds/benchmark_v2/test/world_medium_seed_200031.yaml,200031,medium,5,4,9,True,5.7141,-2.652962,2.863534,1.960675,-0.2694,-1.844438
test,/root/leo_ws/src/leo_pybullet/worlds/benchmark_v2/test/world_hard_seed_200032.yaml,200032,hard,8,4,12,False,4.2353,1.861406,2.596793,2.215344,-0.019349,-0.864552
test,/root/leo_ws/src/leo_pybullet/worlds/benchmark_v2/test/world_easy_seed_200033.yaml,200033,easy,2,4,6,False,5.9872,-2.970741,-0.94397,-0.35763,-0.507434,4.007091
test,/root/leo_ws/src/leo_pybullet/worlds/benchmark_v2/test/world_medium_seed_200034.yaml,200034,medium,8,4,12,True,4.0308,-1.226632,-1.795876,0.437673,1.630508,-0.028861
test,/root/leo_ws/src/leo_pybullet/worlds/benchmark_v2/test/world_hard_seed_200035.yaml,200035,hard,11,4,15,True,6.3759,4.343335,3.545318,-0.270586,-1.280899,1.891085
test,/root/leo_ws/src/leo_pybullet/worlds/benchmark_v2/test/world_easy_seed_200036.yaml,200036,easy,4,4,8,False,7.6123,1.749798,3.068857,1.364361,-1.40652,-3.269749
test,/root/leo_ws/src/leo_pybullet/worlds/benchmark_v2/test/world_medium_seed_200037.yaml,200037,medium,8,4,12,False,4.1335,0.643689,0.721249,0.351666,-2.395114,3.368562
test,/root/leo_ws/src/leo_pybullet/worlds/benchmark_v2/test/world_hard_seed_200038.yaml,200038,hard,10,4,14,True,5.6616,1.094588,-2.172566,-0.778085,-2.555503,1.103155
test,/root/leo_ws/src/leo_pybullet/worlds/benchmark_v2/test/world_easy_seed_200039.yaml,200039,easy,4,4,8,False,3.689,-1.450477,0.011949,0.386906,1.470815,-1.712541
test,/root/leo_ws/src/leo_pybullet/worlds/benchmark_v2/test/world_medium_seed_200040.yaml,200040,medium,7,4,11,True,4.9884,-3.329923,3.958916,0.304601,0.716836,1.941682
test,/root/leo_ws/src/leo_pybullet/worlds/benchmark_v2/test/world_hard_seed_200041.yaml,200041,hard,9,4,13,True,7.9565,-1.916667,4.330813,-1.036808,-2.661158,-2.337872
test,/root/leo_ws/src/leo_pybullet/worlds/benchmark_v2/test/world_easy_seed_200042.yaml,200042,easy,4,4,8,False,3.6478,2.87576,-1.48312,-1.699163,0.581631,1.228761
test,/root/leo_ws/src/leo_pybullet/worlds/benchmark_v2/test/world_medium_seed_200043.yaml,200043,medium,8,4,12,False,5.0249,1.724547,-0.140562,-2.376272,-1.742259,-3.719275
test,/root/leo_ws/src/leo_pybullet/worlds/benchmark_v2/test/world_hard_seed_200044.yaml,200044,hard,11,4,15,True,7.9872,3.769921,-3.111154,2.007085,-3.121351,-0.927131
test,/root/leo_ws/src/leo_pybullet/worlds/benchmark_v2/test/world_easy_seed_200045.yaml,200045,easy,2,4,6,True,10.1241,-3.436898,-3.392141,2.488742,3.608743,3.46394
test,/root/leo_ws/src/leo_pybullet/worlds/benchmark_v2/test/world_medium_seed_200046.yaml,200046,medium,6,4,10,True,4.5965,2.152639,-0.043678,-2.47994,-1.877754,-0.651594
test,/root/leo_ws/src/leo_pybullet/worlds/benchmark_v2/test/world_hard_seed_200047.yaml,200047,hard,11,4,15,True,6.2571,2.956419,-2.266348,2.824234,-1.871349,-0.116544
test,/root/leo_ws/src/leo_pybullet/worlds/benchmark_v2/test/world_easy_seed_200048.yaml,200048,easy,4,4,8,False,6.4455,2.879762,1.091079,-0.384119,-2.257603,4.310543
test,/root/leo_ws/src/leo_pybullet/worlds/benchmark_v2/test/world_medium_seed_200049.yaml,200049,medium,8,4,12,True,4.8308,-0.259516,-1.796502,1.325133,4.140567,-1.112673
test,/root/leo_ws/src/leo_pybullet/worlds/benchmark_v2/test/world_hard_seed_200050.yaml,200050,hard,11,4,15,False,3.3941,-1.733396,-1.855649,-0.507176,0.68709,0.522942
test,/root/leo_ws/src/leo_pybullet/worlds/benchmark_v2/test/world_easy_seed_200051.yaml,200051,easy,2,4,6,False,5.8296,-3.588336,2.020194,-1.710278,1.605374,0.559309
test,/root/leo_ws/src/leo_pybullet/worlds/benchmark_v2/test/world_medium_seed_200052.yaml,200052,medium,8,4,12,True,8.1723,4.253691,1.41619,0.383737,-2.555047,-1.807706
test,/root/leo_ws/src/leo_pybullet/worlds/benchmark_v2/test/world_hard_seed_200053.yaml,200053,hard,12,4,16,True,3.6639,-1.547404,-0.217429,0.270471,1.607507,-0.036462
test,/root/leo_ws/src/leo_pybullet/worlds/benchmark_v2/test/world_easy_seed_200054.yaml,200054,easy,3,4,7,True,7.5267,0.476514,-4.065419,2.945456,-3.689723,0.570154
test,/root/leo_ws/src/leo_pybullet/worlds/benchmark_v2/test/world_medium_seed_200055.yaml,200055,medium,6,4,10,False,3.1394,-0.831734,1.083214,2.790662,-3.873472,0.829433
test,/root/leo_ws/src/leo_pybullet/worlds/benchmark_v2/test/world_hard_seed_200056.yaml,200056,hard,9,4,13,True,5.5347,3.31576,-0.59075,0.554567,1.490091,4.064638
test,/root/leo_ws/src/leo_pybullet/worlds/benchmark_v2/test/world_easy_seed_200057.yaml,200057,easy,3,4,7,False,4.1714,1.361823,-2.034814,2.56512,-2.464334,-1.227994
test,/root/leo_ws/src/leo_pybullet/worlds/benchmark_v2/test/world_medium_seed_200058.yaml,200058,medium,7,4,11,True,6.0971,-2.199789,2.810073,-0.999823,3.312964,1.566323
test,/root/leo_ws/src/leo_pybullet/worlds/benchmark_v2/test/world_hard_seed_200059.yaml,200059,hard,8,4,12,False,5.2331,-2.693808,-2.348495,-0.259938,-2.626493,2.85005
test,/root/leo_ws/src/leo_pybullet/worlds/benchmark_v2/test/world_easy_seed_200060.yaml,200060,easy,4,4,8,True,8.7049,-3.507176,0.874871,0.957023,3.835723,-2.621597
test,/root/leo_ws/src/leo_pybullet/worlds/benchmark_v2/test/world_medium_seed_200061.yaml,200061,medium,8,4,12,False,3.9782,0.893109,0.086659,2.204776,1.679592,3.77088
test,/root/leo_ws/src/leo_pybullet/worlds/benchmark_v2/test/world_hard_seed_200062.yaml,200062,hard,8,4,12,True,7.041,3.771304,2.323566,0.217277,1.3145,-3.534418
test,/root/leo_ws/src/leo_pybullet/worlds/benchmark_v2/test/world_easy_seed_200063.yaml,200063,easy,3,4,7,True,4.5496,0.735202,2.355325,-1.030413,-2.851624,0.543643
test,/root/leo_ws/src/leo_pybullet/worlds/benchmark_v2/test/world_medium_seed_200064.yaml,200064,medium,7,4,11,True,6.1449,-1.1309,-0.398455,-1.738715,3.521195,-3.801899
test,/root/leo_ws/src/leo_pybullet/worlds/benchmark_v2/test/world_hard_seed_200065.yaml,200065,hard,11,4,15,True,9.3288,-3.776037,-1.932086,1.177844,2.29856,3.939319
test,/root/leo_ws/src/leo_pybullet/worlds/benchmark_v2/test/world_easy_seed_200066.yaml,200066,easy,3,4,7,False,3.9508,-0.15084,-1.031092,1.766333,0.915952,2.551839
test,/root/leo_ws/src/leo_pybullet/worlds/benchmark_v2/test/world_medium_seed_200067.yaml,200067,medium,8,4,12,True,6.5667,-0.148592,-3.573718,2.623355,4.268256,0.228786
test,/root/leo_ws/src/leo_pybullet/worlds/benchmark_v2/test/world_hard_seed_200068.yaml,200068,hard,9,4,13,False,6.6831,2.94653,0.163564,1.164308,-2.013301,-3.99156
test,/root/leo_ws/src/leo_pybullet/worlds/benchmark_v2/test/world_easy_seed_200069.yaml,200069,easy,3,4,7,False,4.5723,-1.021049,-1.061987,0.118901,-4.142043,2.165047
test,/root/leo_ws/src/leo_pybullet/worlds/benchmark_v2/test/world_medium_seed_200070.yaml,200070,medium,7,4,11,True,6.4502,3.917501,-4.097345,-0.681167,-2.035333,-3.795558
test,/root/leo_ws/src/leo_pybullet/worlds/benchmark_v2/test/world_hard_seed_200071.yaml,200071,hard,11,4,15,True,7.7771,-0.394615,-3.184164,-0.909458,-1.552881,4.147531
test,/root/leo_ws/src/leo_pybullet/worlds/benchmark_v2/test/world_easy_seed_200072.yaml,200072,easy,4,4,8,True,5.0102,2.517271,3.659923,-1.430948,-1.923546,2.384285
test,/root/leo_ws/src/leo_pybullet/worlds/benchmark_v2/test/world_medium_seed_200073.yaml,200073,medium,5,4,9,False,7.1565,2.705198,-0.595747,0.355733,-3.90001,-2.049956
test,/root/leo_ws/src/leo_pybullet/worlds/benchmark_v2/test/world_hard_seed_200074.yaml,200074,hard,9,4,13,True,5.5839,3.174542,-0.336031,-1.093945,-1.984928,0.313258
test,/root/leo_ws/src/leo_pybullet/worlds/benchmark_v2/test/world_easy_seed_200075.yaml,200075,easy,2,4,6,True,7.1712,2.16361,-2.637154,-0.101522,-2.700322,1.766133
test,/root/leo_ws/src/leo_pybullet/worlds/benchmark_v2/test/world_medium_seed_200076.yaml,200076,medium,7,4,11,True,5.9702,-2.352108,-3.114633,1.917963,-3.025755,2.376226
test,/root/leo_ws/src/leo_pybullet/worlds/benchmark_v2/test/world_hard_seed_200077.yaml,200077,hard,8,4,12,True,7.0547,0.082004,3.044708,-2.210527,-3.769153,-1.284445
test,/root/leo_ws/src/leo_pybullet/worlds/benchmark_v2/test/world_easy_seed_200078.yaml,200078,easy,2,4,6,True,5.0684,4.102079,2.202537,2.888523,0.319599,-0.160277
test,/root/leo_ws/src/leo_pybullet/worlds/benchmark_v2/test/world_medium_seed_200079.yaml,200079,medium,8,4,12,False,4.4776,-3.097174,0.685282,-0.98274,1.022607,1.636996
test,/root/leo_ws/src/leo_pybullet/worlds/benchmark_v2/test/world_hard_seed_200080.yaml,200080,hard,9,4,13,True,9.8523,1.486785,-4.188169,-1.464231,-2.933551,3.104001
test,/root/leo_ws/src/leo_pybullet/worlds/benchmark_v2/test/world_easy_seed_200081.yaml,200081,easy,3,4,7,False,5.4765,3.064508,1.45507,1.343442,1.603383,-3.397167
test,/root/leo_ws/src/leo_pybullet/worlds/benchmark_v2/test/world_medium_seed_200082.yaml,200082,medium,8,4,12,True,6.2878,3.117459,4.159605,-2.41013,0.239475,-0.596088
test,/root/leo_ws/src/leo_pybullet/worlds/benchmark_v2/test/world_hard_seed_200083.yaml,200083,hard,9,4,13,True,4.1988,1.922782,1.734622,0.493061,1.427821,-2.020624
test,/root/leo_ws/src/leo_pybullet/worlds/benchmark_v2/test/world_easy_seed_200084.yaml,200084,easy,4,4,8,False,7.0969,-1.897748,-2.090839,0.475701,2.08018,3.300015
test,/root/leo_ws/src/leo_pybullet/worlds/benchmark_v2/test/world_medium_seed_200085.yaml,200085,medium,8,4,12,True,6.3016,-0.373128,-0.780334,-0.070345,4.337809,2.063389
test,/root/leo_ws/src/leo_pybullet/worlds/benchmark_v2/test/world_hard_seed_200086.yaml,200086,hard,11,4,15,True,5.4022,-2.05865,-3.451269,1.057272,1.492862,-0.519274
test,/root/leo_ws/src/leo_pybullet/worlds/benchmark_v2/test/world_easy_seed_200087.yaml,200087,easy,3,4,7,True,3.9233,3.371036,1.073101,2.375742,1.793231,-2.046809
test,/root/leo_ws/src/leo_pybullet/worlds/benchmark_v2/test/world_medium_seed_200088.yaml,200088,medium,8,4,12,True,7.69,-3.994608,-2.947042,1.498653,0.89644,2.27299
test,/root/leo_ws/src/leo_pybullet/worlds/benchmark_v2/test/world_hard_seed_200089.yaml,200089,hard,9,4,13,True,9.1896,-0.874667,3.966356,0.37521,0.030912,-4.315061
