split,world_file,seed,difficulty,scenario,random_obstacle_count,boundary_wall_count,total_box_count,direct_path_blocked,straight_distance_m,astar_path_length_m,path_stretch_ratio,start_x,start_y,start_yaw,goal_x,goal_y
train,/root/leo_ws/src/leo_pybullet/worlds/benchmark_v3_curriculum/train/world_easy_direct_block_seed_000000.yaml,0,easy,direct_block,2,4,6,True,4.3113,4.8833,1.1327,2.192612,-0.675142,2.945207,-2.049208,0.095835
train,/root/leo_ws/src/leo_pybullet/worlds/benchmark_v3_curriculum/train/world_medium_direct_block_seed_000001.yaml,1,medium,direct_block,2,4,6,True,7.2348,8.2386,1.1387,0.588233,2.569253,-2.162019,-3.713592,-3.247691
train,/root/leo_ws/src/leo_pybullet/worlds/benchmark_v3_curriculum/train/world_hard_direct_block_seed_000002.yaml,2,hard,direct_block,4,4,8,True,3.8638,4.7622,1.2325,-3.471529,-1.181011,1.461223,-2.812789,2.626177
train,/root/leo_ws/src/leo_pybullet/worlds/benchmark_v3_curriculum/train/world_easy_clear_seed_000003.yaml,3,easy,clear,1,4,5,False,4.0104,4.1198,1.0273,0.787448,-3.141406,0.829978,3.535531,-0.220545
train,/root/leo_ws/src/leo_pybullet/worlds/benchmark_v3_curriculum/train/world_medium_direct_block_seed_000004.yaml,4,medium,direct_block,2,4,6,True,5.5682,6.2845,1.1286,-1.671962,1.880344,-1.383261,-0.179534,-3.484148
train,/root/leo_ws/src/leo_pybullet/worlds/benchmark_v3_curriculum/train/world_hard_direct_block_seed_000005.yaml,5,hard,direct_block,6,4,10,True,5.5249,6.7153,1.2154,-2.078717,-1.202448,0.864145,1.618798,2.902843
train,/root/leo_ws/src/leo_pybullet/worlds/benchmark_v3_curriculum/train/world_easy_direct_block_seed_000006.yaml,6,easy,direct_block,1,4,5,True,5.3474,6.3347,1.1846,-0.127206,-2.026217,2.444865,-4.24616,1.383958
train,/root/leo_ws/src/leo_pybullet/worlds/benchmark_v3_curriculum/train/world_medium_clear_seed_000007.yaml,7,medium,clear,3,4,7,False,7.6057,8.2523,1.085,-3.449895,0.703698,-0.496222,3.482485,-2.425065
train,/root/leo_ws/src/leo_pybullet/worlds/benchmark_v3_curriculum/train/world_hard_direct_block_seed_000008.yaml,8,hard,direct_block,4,4,8,True,4.695,5.8433,1.2446,-3.086834,2.645744,-0.919935,0.054063,-0.843963
train,/root/leo_ws/src/leo_pybullet/worlds/benchmark_v3_curriculum/train/world_easy_direct_block_seed_000009.yaml,9,easy,direct_block,2,4,6,True,5.0293,5.9953,1.1921,0.962329,-1.979357,2.348965,-2.667768,1.50147
train,/root/leo_ws/src/leo_pybullet/worlds/benchmark_v3_curriculum/train/world_medium_direct_block_seed_000010.yaml,10,medium,direct_block,4,4,8,True,6.9154,7.8386,1.1335,-0.084273,-3.603241,0.942188,3.845393,2.087147
train,/root/leo_ws/src/leo_pybullet/worlds/benchmark_v3_curriculum/train/world_hard_clear_seed_000011.yaml,11,hard,clear,5,4,9,False,4.1427,4.4971,1.0855,-3.847087,-3.323098,0.346375,0.105025,-2.080981
train,/root/leo_ws/src/leo_pybullet/worlds/benchmark_v3_curriculum/train/world_easy_direct_block_seed_000012.yaml,12,easy,direct_block,2,4,6,True,5.5886,6.169,1.1039,4.063344,-1.124929,-2.886538,-1.362718,-2.462861
train,/root/leo_ws/src/leo_pybullet/worlds/benchmark_v3_curriculum/train/world_medium_direct_block_seed_000013.yaml,13,medium,direct_block,3,4,7,True,4.3488,5.3827,1.2378,-1.77856,3.481091,-0.011676,2.56704,3.314981
train,/root/leo_ws/src/leo_pybullet/worlds/benchmark_v3_curriculum/train/world_hard_direct_block_seed_000014.yaml,14,hard,direct_block,4,4,8,True,4.3857,5.1816,1.1815,0.984968,2.169245,-1.702659,0.230451,-2.15105
train,/root/leo_ws/src/leo_pybullet/worlds/benchmark_v3_curriculum/train/world_easy_clear_seed_000015.yaml,15,easy,clear,1,4,5,False,5.6511,5.7794,1.0227,-4.106514,3.225676,0.053914,1.541481,3.03741
train,/root/leo_ws/src/leo_pybullet/worlds/benchmark_v3_curriculum/train/world_medium_direct_block_seed_000016.yaml,16,medium,direct_block,3,4,7,True,6.6848,7.7198,1.1548,3.010161,1.793512,-2.506772,-2.228201,-2.359344
train,/root/leo_ws/src/leo_pybullet/worlds/benchmark_v3_curriculum/train/world_hard_direct_block_seed_000017.yaml,17,hard,direct_block,6,4,10,True,4.8426,6.0033,1.2397,1.743712,0.341576,2.373918,-1.88465,3.548691
train,/root/leo_ws/src/leo_pybullet/worlds/benchmark_v3_curriculum/train/world_easy_direct_block_seed_000018.yaml,18,easy,direct_block,1,4,5,True,4.3897,5.0514,1.1507,-3.206068,-0.434983,1.365269,-2.214282,3.841259
train,/root/leo_ws/src/leo_pybullet/worlds/benchmark_v3_curriculum/train/world_medium_clear_seed_000019.yaml,19,medium,clear,4,4,8,False,6.4802,7.0055,1.0811,2.334889,0.651092,-2.68979,-3.334398,-2.487726
train,/root/leo_ws/src/leo_pybullet/worlds/benchmark_v3_curriculum/train/world_hard_direct_block_seed_000020.yaml,20,hard,direct_block,6,4,10,True,4.6897,5.6478,1.2043,1.58316,2.265329,-1.140196,3.439238,-2.041467
train,/root/leo_ws/src/leo_pybullet/worlds/benchmark_v3_curriculum/train/world_easy_direct_block_seed_000021.yaml,21,easy,direct_block,1,4,5,True,3.7969,4.5496,1.1982,-0.697054,-0.696744,1.967373,-1.859315,2.917868
train,/root/leo_ws/src/leo_pybullet/worlds/benchmark_v3_curriculum/train/world_medium_direct_block_seed_000022.yaml,22,medium,direct_block,2,4,6,True,6.8061,7.4627,1.0965,2.036543,3.218316,-1.544849,2.486903,-3.572912
train,/root/leo_ws/src/leo_pybullet/worlds/benchmark_v3_curriculum/train/world_hard_clear_seed_000023.yaml,23,hard,clear,5,4,9,False,3.8577,3.9404,1.0214,3.335683,-3.539819,2.299411,0.782231,-0.648147
train,/root/leo_ws/src/leo_pybullet/worlds/benchmark_v3_curriculum/train/world_easy_direct_block_seed_000024.yaml,24,easy,direct_block,2,4,6,True,7.5292,8.2112,1.0906,3.109065,4.147226,-2.500968,-3.267453,0.143603
train,/root/leo_ws/src/leo_pybullet/worlds/benchmark_v3_curriculum/train/world_medium_direct_block_seed_000025.yaml,25,medium,direct_block,3,4,7,True,6.4448,7.1896,1.1156,2.282136,2.920066,2.991938,-4.119625,3.663279
train,/root/leo_ws/src/leo_pybullet/worlds/benchmark_v3_curriculum/train/world_hard_direct_block_seed_000026.yaml,26,hard,direct_block,6,4,10,True,4.1491,5.1953,1.2521,3.457224,1.355642,-2.967715,-0.574108,0.374122
train,/root/leo_ws/src/leo_pybullet/worlds/benchmark_v3_curriculum/train/world_easy_clear_seed_000027.yaml,27,easy,clear,2,4,6,False,5.6147,5.6706,1.01,2.756188,-1.418933,2.268896,-1.084815,2.676359
train,/root/leo_ws/src/leo_pybullet/worlds/benchmark_v3_curriculum/train/world_medium_direct_block_seed_000028.yaml,28,medium,direct_block,2,4,6,True,6.3944,7.2867,1.1395,1.172442,2.241088,-2.233255,-2.457166,-3.023314
train,/root/leo_ws/src/leo_pybullet/worlds/benchmark_v3_curriculum/train/world_hard_direct_block_seed_000029.yaml,29,hard,direct_block,6,4,10,True,6.2603,7.3804,1.1789,-3.603014,0.837514,-0.693713,0.898786,-3.512779
train,/root/leo_ws/src/leo_pybullet/worlds/benchmark_v3_curriculum/train/world_easy_direct_block_seed_000030.yaml,30,easy,direct_block,2,4,6,True,3.5328,4.3645,1.2354,0.943528,1.035946,0.945343,2.779956,4.053893
train,/root/leo_ws/src/leo_pybullet/worlds/benchmark_v3_curriculum/train/world_medium_clear_seed_000031.yaml,31,medium,clear,2,4,6,False,6.7332,7.3198,1.0871,-0.258585,2.243803,-1.920134,-3.05273,-3.88222
train,/root/leo_ws/src/leo_pybullet/worlds/benchmark_v3_curriculum/train/world_hard_direct_block_seed_000032.yaml,32,hard,direct_block,4,4,8,True,3.5597,4.8057,1.35,-4.043266,-3.922323,0.693556,-1.489877,-1.442101
train,/root/leo_ws/src/leo_pybullet/worlds/benchmark_v3_curriculum/train/world_easy_direct_block_seed_000033.yaml,33,easy,direct_block,1,4,5,True,6.3729,6.8947,1.0819,3.321893,3.475042,-2.771136,-2.664643,1.28968
train,/root/leo_ws/src/leo_pybullet/worlds/benchmark_v3_curriculum/train/world_medium_direct_block_seed_000034.yaml,34,medium,direct_block,4,4,8,True,5.8239,6.7541,1.1597,-1.350362,0.714414,-0.81844,2.741546,-3.429804
train,/root/leo_ws/src/leo_pybullet/worlds/benchmark_v3_curriculum/train/world_hard_clear_seed_000035.yaml,35,hard,clear,6,4,10,False,3.9109,4.081,1.0435,-0.580334,-2.106737,2.568072,-3.724604,0.218906
train,/root/leo_ws/src/leo_pybullet/worlds/benchmark_v3_curriculum/train/world_easy_direct_block_seed_000036.yaml,36,easy,direct_block,2,4,6,True,3.5075,4.1496,1.1831,-3.589133,-0.783276,0.001365,-0.084919,-0.935351
train,/root/leo_ws/src/leo_pybullet/worlds/benchmark_v3_curriculum/train/world_medium_direct_block_seed_000037.yaml,37,medium,direct_block,4,4,8,True,4.5286,5.5565,1.227,1.142631,-3.948744,0.906255,4.111693,-0.529194
train,/root/leo_ws/src/leo_pybullet/worlds/benchmark_v3_curriculum/train/world_hard_direct_block_seed_000038.yaml,38,hard,direct_block,6,4,10,True,4.2733,5.4239,1.2693,-0.67042,2.163322,-2.266025,-3.386684,-1.135621
train,/root/leo_ws/src/leo_pybullet/worlds/benchmark_v3_curriculum/train/world_easy_clear_seed_000039.yaml,39,easy,clear,1,4,5,False,5.9838,6.1325,1.0249,-2.042858,-4.029516,1.540062,-2.375403,1.94503
train,/root/leo_ws/src/leo_pybullet/worlds/benchmark_v3_curriculum/train/world_medium_direct_block_seed_000040.yaml,40,medium,direct_block,3,4,7,True,7.7878,8.8843,1.1408,-3.745874,-2.533142,0.707493,1.760523,2.97414
train,/root/leo_ws/src/leo_pybullet/worlds/benchmark_v3_curriculum/train/world_hard_direct_block_seed_000041.yaml,41,hard,direct_block,5,4,9,True,7.0763,8.2192,1.1615,-1.426089,4.187106,-0.747805,3.417048,-0.972147
train,/root/leo_ws/src/leo_pybullet/worlds/benchmark_v3_curriculum/train/world_easy_direct_block_seed_000042.yaml,42,easy,direct_block,1,4,5,True,4.2688,4.881,1.1434,-4.037409,-1.912251,1.195941,-2.352709,2.010005
train,/root/leo_ws/src/leo_pybullet/worlds/benchmark_v3_curriculum/train/world_medium_clear_seed_000043.yaml,43,medium,clear,2,4,6,False,3.8144,4.089,1.072,-1.938544,-2.704363,1.999064,-3.709981,0.673777
train,/root/leo_ws/src/leo_pybullet/worlds/benchmark_v3_curriculum/train/world_hard_direct_block_seed_000044.yaml,44,hard,direct_block,5,4,9,True,4.3873,5.5508,1.2652,0.170174,1.713721,-2.504557,-3.258429,-1.023665
train,/root/leo_ws/src/leo_pybullet/worlds/benchmark_v3_curriculum/train/world_easy_direct_block_seed_000045.yaml,45,easy,direct_block,2,4,6,True,7.6628,8.2467,1.0762,-0.133825,-3.273875,1.265912,2.615114,3.878856
train,/root/leo_ws/src/leo_pybullet/worlds/benchmark_v3_curriculum/train/world_medium_direct_block_seed_000046.yaml,46,medium,direct_block,2,4,6,True,4.9641,5.929,1.1944,-0.850048,0.753272,-0.661631,3.058187,-2.307417
train,/root/leo_ws/src/leo_pybullet/worlds/benchmark_v3_curriculum/train/world_hard_clear_seed_000047.yaml,47,hard,clear,5,4,9,False,3.5768,3.8959,1.0892,1.175754,3.840054,-1.14949,2.801,0.653827
train,/root/leo_ws/src/leo_pybullet/worlds/benchmark_v3_curriculum/train/world_easy_direct_block_seed_000048.yaml,48,easy,direct_block,2,4,6,True,6.1774,6.6992,1.0845,0.098603,2.977637,-2.158263,-2.933218,-2.404612
train,/root/leo_ws/src/leo_pybullet/worlds/benchmark_v3_curriculum/train/world_medium_direct_block_seed_000049.yaml,49,medium,direct_block,2,4,6,True,4.9269,5.5953,1.1357,3.327565,-1.819373,-2.645602,-1.094898,-3.991034
train,/root/leo_ws/src/leo_pybullet/worlds/benchmark_v3_curriculum/train/world_hard_direct_block_seed_000050.yaml,50,hard,direct_block,5,4,9,True,6.9483,7.6867,1.1063,-3.206015,1.549916,0.285778,3.314954,3.948971
train,/root/leo_ws/src/leo_pybullet/worlds/benchmark_v3_curriculum/train/world_easy_clear_seed_000051.yaml,51,easy,clear,1,4,5,False,5.4641,5.921,1.0836,-1.889582,1.676459,-1.997624,-4.185375,-3.28191
train,/root/leo_ws/src/leo_pybullet/worlds/benchmark_v3_curriculum/train/world_medium_direct_block_seed_000052.yaml,52,medium,direct_block,3,4,7,True,4.0854,4.9302,1.2068,-3.786557,1.918125,0.449981,-0.137175,3.754648
train,/root/leo_ws/src/leo_pybullet/worlds/benchmark_v3_curriculum/train/world_hard_direct_block_seed_000053.yaml,53,hard,direct_block,6,4,10,True,3.7477,4.8582,1.2963,3.002251,-2.413546,2.530161,0.017542,-0.147085
train,/root/leo_ws/src/leo_pybullet/worlds/benchmark_v3_curriculum/train/world_easy_direct_block_seed_000054.yaml,54,easy,direct_block,1,4,5,True,4.1577,4.8033,1.1553,-0.51903,-1.717631,0.349018,3.313615,-0.105964
train,/root/leo_ws/src/leo_pybullet/worlds/benchmark_v3_curriculum/train/world_medium_clear_seed_000055.yaml,55,medium,clear,2,4,6,False,6.2243,6.2731,1.0079,-3.572859,-2.687961,1.632427,-3.497671,3.535847
train,/root/leo_ws/src/leo_pybullet/worlds/benchmark_v3_curriculum/train/world_hard_direct_block_seed_000056.yaml,56,hard,direct_block,6,4,10,True,7.1501,7.9816,1.1163,3.663228,1.762355,-3.063836,-3.446679,1.004837
train,/root/leo_ws/src/leo_pybullet/worlds/benchmark_v3_curriculum/train/world_easy_direct_block_seed_000057.yaml,57,easy,direct_block,1,4,5,True,4.6849,5.3084,1.1331,-1.080961,-0.865421,2.085126,-3.324947,3.247105
train,/root/leo_ws/src/leo_pybullet/worlds/benchmark_v3_curriculum/train/world_medium_direct_block_seed_000058.yaml,58,medium,direct_block,4,4,8,True,7.2324,7.9655,1.1014,-2.614513,-0.804103,0.447592,3.768794,2.595989
train,/root/leo_ws/src/leo_pybullet/worlds/benchmark_v3_curriculum/train/world_hard_clear_seed_000059.yaml,59,hard,clear,4,4,8,False,5.4102,5.6455,1.0435,-3.530821,1.279608,-0.975887,-0.344148,-3.092556
train,/root/leo_ws/src/leo_pybullet/worlds/benchmark_v3_curriculum/train/world_easy_direct_block_seed_000060.yaml,60,easy,direct_block,2,4,6,True,7.19,8.7929,1.2229,3.274736,4.040003,3.135539,-3.900024,3.5721
train,/root/leo_ws/src/leo_pybullet/worlds/benchmark_v3_curriculum/train/world_medium_direct_block_seed_000061.yaml,61,medium,direct_block,3,4,7,True,6.1996,6.8559,1.1059,-2.705506,-2.407429,0.158207,3.459802,-1.756731
train,/root/leo_ws/src/leo_pybullet/worlds/benchmark_v3_curriculum/train/world_hard_direct_block_seed_000062.yaml,62,hard,direct_block,6,4,10,True,4.3354,5.1953,1.1983,-2.779271,4.000346,-1.373425,-2.226075,-0.299608
train,/root/leo_ws/src/leo_pybullet/worlds/benchmark_v3_curriculum/train/world_easy_clear_seed_000063.yaml,63,easy,clear,2,4,6,False,7.5291,7.8888,1.0478,1.373963,3.755156,-2.200117,-3.162242,-2.25398
train,/root/leo_ws/src/leo_pybullet/worlds/benchmark_v3_curriculum/train/world_medium_direct_block_seed_000064.yaml,64,medium,direct_block,3,4,7,True,3.552,4.5027,1.2676,-3.188767,0.96041,0.125958,0.307339,1.588308
train,/root/leo_ws/src/leo_pybullet/worlds/benchmark_v3_curriculum/train/world_hard_direct_block_seed_000065.yaml,65,hard,direct_block,5,4,9,True,5.2876,6.3622,1.2032,-0.48367,3.627905,-0.955863,2.770058,-0.540025
train,/root/leo_ws/src/leo_pybullet/worlds/benchmark_v3_curriculum/train/world_easy_direct_block_seed_000066.yaml,66,easy,direct_block,1,4,5,True,6.7046,7.5323,1.1235,-1.598115,3.602183,-0.841096,2.439107,-1.75065
train,/root/leo_ws/src/leo_pybullet/worlds/benchmark_v3_curriculum/train/world_medium_clear_seed_000067.yaml,67,medium,clear,2,4,6,False,4.3552,4.5667,1.0486,0.819024,-0.103796,2.266275,-1.88678,3.308857
train,/root/leo_ws/src/leo_pybullet/worlds/benchmark_v3_curriculum/train/world_hard_direct_block_seed_000068.yaml,68,hard,direct_block,6,4,10,True,4.2168,6.9416,1.6462,0.907004,-2.181387,1.88216,-0.261529,1.870249
train,/root/leo_ws/src/leo_pybullet/worlds/benchmark_v3_curriculum/train/world_easy_direct_block_seed_000069.yaml,69,easy,direct_block,1,4,5,True,4.5404,5.1565,1.1357,-3.435383,-2.831224,0.378769,0.893553,-1.461694
train,/root/leo_ws/src/leo_pybullet/worlds/benchmark_v3_curriculum/train/world_medium_direct_block_seed_000070.yaml,70,medium,direct_block,2,4,6,True,4.7461,5.6308,1.1864,-1.750328,-0.344812,1.796886,-3.090951,4.208016
train,/root/leo_ws/src/leo_pybullet/worlds/benchmark_v3_curriculum/train/world_hard_clear_seed_000071.yaml,71,hard,clear,5,4,9,False,4.666,4.8123,1.0314,2.304885,0.798131,2.370708,-1.205076,3.872443
train,/root/leo_ws/src/leo_pybullet/worlds/benchmark_v3_curriculum/train/world_easy_direct_block_seed_000072.yaml,72,easy,direct_block,1,4,5,True,5.0766,5.769,1.1364,2.398779,2.026084,-3.054597,-2.666733,1.690823
train,/root/leo_ws/src/leo_pybullet/worlds/benchmark_v3_curriculum/train/world_medium_direct_block_seed_000073.yaml,73,medium,direct_block,3,4,7,True,3.65,4.5553,1.248,-3.624108,-0.813748,0.025376,0.004302,-0.417467
train,/root/leo_ws/src/leo_pybullet/worlds/benchmark_v3_curriculum/train/world_hard_direct_block_seed_000074.yaml,74,hard,direct_block,6,4,10,True,3.7437,4.8994,1.3087,0.129879,-3.284308,2.747167,-3.224772,-1.62247
train,/root/leo_ws/src/leo_pybullet/worlds/benchmark_v3_curriculum/train/world_easy_clear_seed_000075.yaml,75,easy,clear,2,4,6,False,6.2148,6.4057,1.0307,3.617383,-2.561806,-3.067477,-2.579731,-3.029861
train,/root/leo_ws/src/leo_pybullet/worlds/benchmark_v3_curriculum/train/world_medium_direct_block_seed_000076.yaml,76,medium,direct_block,3,4,7,True,4.7465,5.7027,1.2015,-0.312309,-0.938038,-0.587891,3.473233,-3.80149
train,/root/leo_ws/src/leo_pybullet/worlds/benchmark_v3_curriculum/train/world_hard_direct_block_seed_000077.yaml,77,hard,direct_block,5,4,9,True,4.3541,5.2284,1.2008,-1.479798,-2.205805,-0.251529,2.741725,-3.271968
train,/root/leo_ws/src/leo_pybullet/worlds/benchmark_v3_curriculum/train/world_easy_direct_block_seed_000078.yaml,78,easy,direct_block,1,4,5,True,7.8247,8.65,1.1055,-3.433805,3.607352,-0.823141,1.958588,-2.06261
train,/root/leo_ws/src/leo_pybullet/worlds/benchmark_v3_curriculum/train/world_medium_clear_seed_000079.yaml,79,medium,clear,2,4,6,False,3.9677,4.0857,1.0297,-0.047017,-3.687654,3.087157,-3.997248,-3.315881
train,/root/leo_ws/src/leo_pybullet/worlds/benchmark_v3_curriculum/train/world_hard_direct_block_seed_000080.yaml,80,hard,direct_block,5,4,9,True,5.6905,6.8616,1.2058,-0.901505,3.387904,-0.818257,3.084636,-0.673248
train,/root/leo_ws/src/leo_pybullet/worlds/benchmark_v3_curriculum/train/world_easy_direct_block_seed_000081.yaml,81,easy,direct_block,2,4,6,True,4.5315,5.1622,1.1392,-1.376254,0.268016,-1.364737,-0.179149,-4.102511
train,/root/leo_ws/src/leo_pybullet/worlds/benchmark_v3_curriculum/train/world_medium_direct_block_seed_000082.yaml,82,medium,direct_block,2,4,6,True,4.2756,5.1588,1.2066,2.289861,4.109105,-2.876198,-1.76691,2.758809
train,/root/leo_ws/src/leo_pybullet/worlds/benchmark_v3_curriculum/train/world_hard_clear_seed_000083.yaml,83,hard,clear,5,4,9,False,7.0773,7.5712,1.0698,2.922246,-0.34068,-2.526261,-3.161046,-3.957605
train,/root/leo_ws/src/leo_pybullet/worlds/benchmark_v3_curriculum/train/world_easy_direct_block_seed_000084.yaml,84,easy,direct_block,2,4,6,True,5.7849,6.3016,1.0893,-2.028738,-0.277276,0.407185,3.323512,1.917797
train,/root/leo_ws/src/leo_pybullet/worlds/benchmark_v3_curriculum/train/world_medium_direct_block_seed_000085.yaml,85,medium,direct_block,2,4,6,True,6.4482,7.4135,1.1497,-2.358569,2.357539,-0.652998,2.946694,-1.307633
train,/root/leo_ws/src/leo_pybullet/worlds/benchmark_v3_curriculum/train/world_hard_direct_block_seed_000086.yaml,86,hard,direct_block,4,4,8,True,3.5414,4.8251,1.3625,-0.773267,-4.247338,0.511176,2.274115,-2.44328
train,/root/leo_ws/src/leo_pybullet/worlds/benchmark_v3_curriculum/train/world_easy_clear_seed_000087.yaml,87,easy,clear,1,4,5,False,6.6011,6.8251,1.0339,2.022278,3.188565,-1.429309,2.662447,-3.381404
train,/root/leo_ws/src/leo_pybullet/worlds/benchmark_v3_curriculum/train/world_medium_direct_block_seed_000088.yaml,88,medium,direct_block,3,4,7,True,7.2299,8.081,1.1177,4.026643,-1.421131,-2.71107,-2.677663,-4.127499
train,/root/leo_ws/src/leo_pybullet/worlds/benchmark_v3_curriculum/train/world_hard_direct_block_seed_000089.yaml,89,hard,direct_block,4,4,8,True,5.2943,6.329,1.1954,2.276536,1.727453,-2.603389,-2.050221,-1.323606
train,/root/leo_ws/src/leo_pybullet/worlds/benchmark_v3_curriculum/train/world_easy_direct_block_seed_000090.yaml,90,easy,direct_block,1,4,5,True,4.1747,4.7896,1.1473,-3.026698,4.06318,0.002122,1.146943,4.158494
train,/root/leo_ws/src/leo_pybullet/worlds/benchmark_v3_curriculum/train/world_medium_clear_seed_000091.yaml,91,medium,clear,2,4,6,False,4.8625,5.0982,1.0485,0.770187,3.973815,-1.423657,1.517482,-0.830874
train,/root/leo_ws/src/leo_pybullet/worlds/benchmark_v3_curriculum/train/world_hard_direct_block_seed_000092.yaml,92,hard,direct_block,5,4,9,True,6.6639,7.4822,1.1228,2.581544,3.207502,-1.619793,2.228833,-3.447032
train,/root/leo_ws/src/leo_pybullet/worlds/benchmark_v3_curriculum/train/world_easy_direct_block_seed_000093.yaml,93,easy,direct_block,2,4,6,True,5.3739,6.0227,1.1207,3.570017,1.895119,-1.690611,3.256641,-3.469626
train,/root/leo_ws/src/leo_pybullet/worlds/benchmark_v3_curriculum/train/world_medium_direct_block_seed_000094.yaml,94,medium,direct_block,4,4,8,True,3.7645,4.8502,1.2884,1.591852,-1.097311,2.571314,-1.654555,0.808479
train,/root/leo_ws/src/leo_pybullet/worlds/benchmark_v3_curriculum/train/world_hard_clear_seed_000095.yaml,95,hard,clear,6,4,10,False,4.0905,4.1131,1.0055,-3.159257,-0.051223,-1.620032,-3.064246,-4.140651
train,/root/leo_ws/src/leo_pybullet/worlds/benchmark_v3_curriculum/train/world_easy_direct_block_seed_000096.yaml,96,easy,direct_block,2,4,6,True,7.1368,8.018,1.1235,-1.575366,1.473718,-0.786032,3.606237,-3.43398
train,/root/leo_ws/src/leo_pybullet/worlds/benchmark_v3_curriculum/train/world_medium_direct_block_seed_000097.yaml,97,medium,direct_block,2,4,6,True,4.4165,5.2502,1.1888,-0.603804,4.208762,-0.428951,3.54407,2.691962
train,/root/leo_ws/src/leo_pybullet/worlds/benchmark_v3_curriculum/train/world_hard_direct_block_seed_000098.yaml,98,hard,direct_block,5,4,9,True,4.098,5.0376,1.2293,3.48613,-0.870418,2.172036,1.323749,2.61065
train,/root/leo_ws/src/leo_pybullet/worlds/benchmark_v3_curriculum/train/world_easy_clear_seed_000099.yaml,99,easy,clear,2,4,6,False,4.164,4.4502,1.0687,-1.013603,0.845232,-1.955197,-2.292767,-3.117423
train,/root/leo_ws/src/leo_pybullet/worlds/benchmark_v3_curriculum/train/world_medium_direct_block_seed_000100.yaml,100,medium,direct_block,2,4,6,True,5.3302,6.0422,1.1336,-0.344005,3.8396,-2.068428,-2.764646,-0.909214
train,/root/leo_ws/src/leo_pybullet/worlds/benchmark_v3_curriculum/train/world_hard_direct_block_seed_000101.yaml,101,hard,direct_block,6,4,10,True,5.3555,6.2022,1.1581,2.9505,3.471213,-2.160161,0.33343,-1.201265
train,/root/leo_ws/src/leo_pybullet/worlds/benchmark_v3_curriculum/train/world_easy_direct_block_seed_000102.yaml,102,easy,direct_block,1,4,5,True,4.5198,5.2422,1.1598,-3.528011,-3.800652,1.453396,-2.688024,0.640443
train,/root/leo_ws/src/leo_pybullet/worlds/benchmark_v3_curriculum/train/world_medium_clear_seed_000103.yaml,103,medium,clear,4,4,8,False,4.8945,5.281,1.079,-0.371465,1.8602,-1.139442,1.996533,-2.423336
train,/root/leo_ws/src/leo_pybullet/worlds/benchmark_v3_curriculum/train/world_hard_direct_block_seed_000104.yaml,104,hard,direct_block,4,4,8,True,6.4514,7.3941,1.1461,3.160841,1.971195,-2.547227,-2.31521,-1.43954
train,/root/leo_ws/src/leo_pybullet/worlds/benchmark_v3_curriculum/train/world_easy_direct_block_seed_000105.yaml,105,easy,direct_block,2,4,6,True,6.0563,6.9004,1.1394,0.686142,-3.328365,2.531103,-4.233136,0.204312
train,/root/leo_ws/src/leo_pybullet/worlds/benchmark_v3_curriculum/train/world_medium_direct_block_seed_000106.yaml,106,medium,direct_block,4,4,8,True,3.6166,4.3896,1.2137,4.064753,-0.176486,3.025211,0.470868,0.228486
train,/root/leo_ws/src/leo_pybullet/worlds/benchmark_v3_curriculum/train/world_hard_clear_seed_000107.yaml,107,hard,clear,4,4,8,False,4.5396,4.7129,1.0382,2.237187,3.884135,-2.323258,-0.641293,0.373844
train,/root/leo_ws/src/leo_pybullet/worlds/benchmark_v3_curriculum/train/world_easy_direct_block_seed_000108.yaml,108,easy,direct_block,1,4,5,True,5.4871,6.2159,1.1328,1.830098,-3.527913,1.632541,1.375112,1.940336
train,/root/leo_ws/src/leo_pybullet/worlds/benchmark_v3_curriculum/train/world_medium_direct_block_seed_000109.yaml,109,medium,direct_block,3,4,7,True,4.0214,4.9245,1.2246,-0.016655,-1.710465,-0.531316,3.540715,-3.585776
train,/root/leo_ws/src/leo_pybullet/worlds/benchmark_v3_curriculum/train/world_hard_direct_block_seed_000110.yaml,110,hard,direct_block,5,4,9,True,4.4315,5.4514,1.2301,2.490416,-2.283655,2.817135,-1.796593,-1.161276
train,/root/leo_ws/src/leo_pybullet/worlds/benchmark_v3_curriculum/train/world_easy_clear_seed_000111.yaml,111,easy,clear,1,4,5,False,6.2383,6.5245,1.0459,3.57976,-1.564217,3.057938,-2.599225,-0.705743
train,/root/leo_ws/src/leo_pybullet/worlds/benchmark_v3_curriculum/train/world_medium_direct_block_seed_000112.yaml,112,medium,direct_block,3,4,7,True,4.6437,5.4684,1.1776,2.830218,0.678309,-2.943624,-1.709714,-0.297726
train,/root/leo_ws/src/leo_pybullet/worlds/benchmark_v3_curriculum/train/world_hard_direct_block_seed_000113.yaml,113,hard,direct_block,4,4,8,True,4.2926,5.4239,1.2636,1.307826,2.651139,-2.446773,-1.915481,-0.183768
train,/root/leo_ws/src/leo_pybullet/worlds/benchmark_v3_curriculum/train/world_easy_direct_block_seed_000114.yaml,114,easy,direct_block,1,4,5,True,4.2009,5.1233,1.2196,0.53311,-1.391021,0.54798,3.935177,1.073448
train,/root/leo_ws/src/leo_pybullet/worlds/benchmark_v3_curriculum/train/world_medium_clear_seed_000115.yaml,115,medium,clear,3,4,7,False,5.4952,5.8182,1.0588,-2.576053,-3.286282,1.764662,-3.295954,2.161584
train,/root/leo_ws/src/leo_pybullet/worlds/benchmark_v3_curriculum/train/world_hard_direct_block_seed_000116.yaml,116,hard,direct_block,6,4,10,True,5.0654,5.9565,1.1759,0.848344,1.888139,-2.972462,-4.175795,1.243262
train,/root/leo_ws/src/leo_pybullet/worlds/benchmark_v3_curriculum/train/world_easy_direct_block_seed_000117.yaml,117,easy,direct_block,1,4,5,True,6.3577,6.9198,1.0884,-2.708027,-2.466818,0.52029,2.916271,0.497666
train,/root/leo_ws/src/leo_pybullet/worlds/benchmark_v3_curriculum/train/world_medium_direct_block_seed_000118.yaml,118,medium,direct_block,4,4,8,True,4.4416,5.0902,1.146,0.479056,2.683418,-1.942752,-1.192397,-1.431722
train,/root/leo_ws/src/leo_pybullet/worlds/benchmark_v3_curriculum/train/world_hard_clear_seed_000119.yaml,119,hard,clear,5,4,9,False,4.0287,4.0,0.9929,0.452517,-0.572011,-3.050873,-3.575971,-0.611307
train,/root/leo_ws/src/leo_pybullet/worlds/benchmark_v3_curriculum/train/world_easy_direct_block_seed_000120.yaml,120,easy,direct_block,1,4,5,True,4.8934,5.7884,1.1829,-2.646491,3.849816,-0.605958,1.149787,0.762126
train,/root/leo_ws/src/leo_pybullet/worlds/benchmark_v3_curriculum/train/world_medium_direct_block_seed_000121.yaml,121,medium,direct_block,2,4,6,True,6.8624,7.6261,1.1113,-2.39571,3.173557,-0.98942,1.068577,-2.750179
train,/root/leo_ws/src/leo_pybullet/worlds/benchmark_v3_curriculum/train/world_hard_direct_block_seed_000122.yaml,122,hard,direct_block,6,4,10,True,6.418,7.3198,1.1405,-1.134319,-2.378257,0.719582,4.026298,1.437361
train,/root/leo_ws/src/leo_pybullet/worlds/benchmark_v3_curriculum/train/world_easy_clear_seed_000123.yaml,123,easy,clear,1,4,5,False,6.4746,6.5894,1.0177,-3.808836,-3.102012,0.780186,0.518177,1.714363
train,/root/leo_ws/src/leo_pybullet/worlds/benchmark_v3_curriculum/train/world_medium_direct_block_seed_000124.yaml,124,medium,direct_block,3,4,7,True,4.0876,4.9908,1.221,0.41017,-2.744824,0.570576,3.956666,-0.712393
train,/root/leo_ws/src/leo_pybullet/worlds/benchmark_v3_curriculum/train/world_hard_direct_block_seed_000125.yaml,125,hard,direct_block,4,4,8,True,5.5968,6.4696,1.1559,-1.265918,0.91382,-1.121975,0.97726,-4.213787
train,/root/leo_ws/src/leo_pybullet/worlds/benchmark_v3_curriculum/train/world_easy_direct_block_seed_000126.yaml,126,easy,direct_block,1,4,5,True,4.9248,5.849,1.1877,-0.231083,-2.915119,2.125796,-3.119941,1.073371
train,/root/leo_ws/src/leo_pybullet/worlds/benchmark_v3_curriculum/train/world_medium_clear_seed_000127.yaml,127,medium,clear,2,4,6,False,4.7951,5.0182,1.0465,3.505102,0.684223,-1.771215,2.741321,-4.049683
train,/root/leo_ws/src/leo_pybullet/worlds/benchmark_v3_curriculum/train/world_hard_direct_block_seed_000128.yaml,128,hard,direct_block,4,4,8,True,5.3216,6.1084,1.1479,-0.801866,-1.156207,1.414976,-0.142818,4.124384
train,/root/leo_ws/src/leo_pybullet/worlds/benchmark_v3_curriculum/train/world_easy_direct_block_seed_000129.yaml,129,easy,direct_block,2,4,6,True,7.0323,7.9655,1.1327,-3.857526,3.505652,-0.71784,1.655488,-0.860186
train,/root/leo_ws/src/leo_pybullet/worlds/benchmark_v3_curriculum/train/world_medium_direct_block_seed_000130.yaml,130,medium,direct_block,4,4,8,True,3.5425,4.632,1.3076,-0.633553,2.41839,-0.979678,1.361681,-0.508727
train,/root/leo_ws/src/leo_pybullet/worlds/benchmark_v3_curriculum/train/world_hard_clear_seed_000131.yaml,131,hard,clear,5,4,9,False,4.1774,4.2263,1.0117,-1.08418,0.067989,-1.480457,-0.91035,-4.105773
train,/root/leo_ws/src/leo_pybullet/worlds/benchmark_v3_curriculum/train/world_easy_direct_block_seed_000132.yaml,132,easy,direct_block,2,4,6,True,6.022,6.5884,1.0941,-3.208598,2.350491,-0.374745,2.486912,0.394608
train,/root/leo_ws/src/leo_pybullet/worlds/benchmark_v3_curriculum/train/world_medium_direct_block_seed_000133.yaml,133,medium,direct_block,3,4,7,True,4.4182,5.4022,1.2227,-1.236869,-1.510208,1.111136,0.982514,2.31006
train,/root/leo_ws/src/leo_pybullet/worlds/benchmark_v3_curriculum/train/world_hard_direct_block_seed_000134.yaml,134,hard,direct_block,5,4,9,True,7.8317,8.7929,1.1227,4.219601,3.856327,-2.814908,-3.37727,1.952757
train,/root/leo_ws/src/leo_pybullet/worlds/benchmark_v3_curriculum/train/world_easy_clear_seed_000135.yaml,135,easy,clear,2,4,6,False,4.3929,4.6708,1.0633,-1.229773,-1.338027,1.897806,-2.297121,2.923259
train,/root/leo_ws/src/leo_pybullet/worlds/benchmark_v3_curriculum/train/world_medium_direct_block_seed_000136.yaml,136,medium,direct_block,4,4,8,True,5.9539,6.6353,1.1144,1.749716,-3.992448,1.388409,2.875704,1.85398
train,/root/leo_ws/src/leo_pybullet/worlds/benchmark_v3_curriculum/train/world_hard_direct_block_seed_000137.yaml,137,hard,direct_block,4,4,8,True,7.3135,8.0753,1.1042,-4.164201,-0.808499,-0.11417,3.115421,-1.511792
train,/root/leo_ws/src/leo_pybullet/worlds/benchmark_v3_curriculum/train/world_easy_direct_block_seed_000138.yaml,138,easy,direct_block,1,4,5,True,3.6732,4.3702,1.1897,-1.003826,3.798751,-1.798169,-1.687372,0.189667
train,/root/leo_ws/src/leo_pybullet/worlds/benchmark_v3_curriculum/train/world_medium_clear_seed_000139.yaml,139,medium,clear,2,4,6,False,3.718,3.8547,1.0368,3.905257,0.987637,2.56801,0.916309,3.198888
train,/root/leo_ws/src/leo_pybullet/worlds/benchmark_v3_curriculum/train/world_hard_direct_block_seed_000140.yaml,140,hard,direct_block,4,4,8,True,6.6646,7.369,1.1057,-2.326425,0.127016,-0.146931,4.241272,-1.005254
train,/root/leo_ws/src/leo_pybullet/worlds/benchmark_v3_curriculum/train/world_easy_direct_block_seed_000141.yaml,141,easy,direct_block,1,4,5,True,3.5472,4.2651,1.2024,-1.335805,-2.220876,1.141609,0.131089,1.00877
train,/root/leo_ws/src/leo_pybullet/worlds/benchmark_v3_curriculum/train/world_medium_direct_block_seed_000142.yaml,142,medium,direct_block,4,4,8,True,5.4027,6.3153,1.1689,1.641145,1.188232,-2.575201,-2.844569,-1.823002
train,/root/leo_ws/src/leo_pybullet/worlds/benchmark_v3_curriculum/train/world_hard_clear_seed_000143.yaml,143,hard,clear,4,4,8,False,3.9217,4.1278,1.0526,0.089651,3.82306,-0.98111,2.352556,0.620083
train,/root/leo_ws/src/leo_pybullet/worlds/benchmark_v3_curriculum/train/world_easy_direct_block_seed_000144.yaml,144,easy,direct_block,2,4,6,True,6.9299,7.5759,1.0932,-3.950111,-3.557163,0.090379,2.939112,-2.807448
train,/root/leo_ws/src/leo_pybullet/worlds/benchmark_v3_curriculum/train/world_medium_direct_block_seed_000145.yaml,145,medium,direct_block,3,4,7,True,4.0741,5.1039,1.2528,-0.257812,0.095111,2.335026,-3.294402,2.811243
train,/root/leo_ws/src/leo_pybullet/worlds/benchmark_v3_curriculum/train/world_hard_direct_block_seed_000146.yaml,146,hard,direct_block,4,4,8,True,5.854,6.7096,1.1462,-3.061398,-1.460714,-0.28621,2.613194,-2.898733
train,/root/leo_ws/src/leo_pybullet/worlds/benchmark_v3_curriculum/train/world_easy_clear_seed_000147.yaml,147,easy,clear,1,4,5,False,4.3709,4.6182,1.0566,2.987637,2.654527,-2.956972,-1.321326,1.921505
train,/root/leo_ws/src/leo_pybullet/worlds/benchmark_v3_curriculum/train/world_medium_direct_block_seed_000148.yaml,148,medium,direct_block,3,4,7,True,4.6613,5.6696,1.2163,1.128397,3.866656,-0.861923,4.115274,0.288132
train,/root/leo_ws/src/leo_pybullet/worlds/benchmark_v3_curriculum/train/world_hard_direct_block_seed_000149.yaml,149,hard,direct_block,4,4,8,True,3.6671,4.6627,1.2715,-3.982828,-1.33706,-0.232304,-0.381217,-2.027075
train,/root/leo_ws/src/leo_pybullet/worlds/benchmark_v3_curriculum/train/world_easy_direct_block_seed_000150.yaml,150,easy,direct_block,2,4,6,True,5.6,6.2216,1.111,3.359278,-2.653119,2.626232,-1.667199,-0.184463
train,/root/leo_ws/src/leo_pybullet/worlds/benchmark_v3_curriculum/train/world_medium_clear_seed_000151.yaml,151,medium,clear,4,4,8,False,4.2854,4.3598,1.0174,-0.089758,-3.622292,2.394744,-3.339994,-0.829409
train,/root/leo_ws/src/leo_pybullet/worlds/benchmark_v3_curriculum/train/world_hard_direct_block_seed_000152.yaml,152,hard,direct_block,5,4,9,True,4.4165,5.3302,1.2069,1.084416,-1.003871,-2.620962,-2.548487,-3.515378
train,/root/leo_ws/src/leo_pybullet/worlds/benchmark_v3_curriculum/train/world_easy_direct_block_seed_000153.yaml,153,easy,direct_block,2,4,6,True,3.9656,4.9108,1.2383,0.562305,0.829135,1.012088,2.886158,4.042526
train,/root/leo_ws/src/leo_pybullet/worlds/benchmark_v3_curriculum/train/world_medium_direct_block_seed_000154.yaml,154,medium,direct_block,2,4,6,True,5.715,6.5747,1.1504,2.740427,2.466303,-2.092585,-0.115487,-2.483932
train,/root/leo_ws/src/leo_pybullet/worlds/benchmark_v3_curriculum/train/world_hard_clear_seed_000155.yaml,155,hard,clear,6,4,10,False,4.0332,4.2547,1.0549,-1.329691,0.586534,-0.657224,2.064509,-1.592035
train,/root/leo_ws/src/leo_pybullet/worlds/benchmark_v3_curriculum/train/world_easy_direct_block_seed_000156.yaml,156,easy,direct_block,2,4,6,True,5.8184,6.561,1.1276,-0.700334,2.042397,-0.954279,2.27401,-2.958306
train,/root/leo_ws/src/leo_pybullet/worlds/benchmark_v3_curriculum/train/world_medium_direct_block_seed_000157.yaml,157,medium,direct_block,4,4,8,True,4.227,5.0078,1.1847,-0.077331,-2.884833,2.726477,-3.997607,-1.304053
train,/root/leo_ws/src/leo_pybullet/worlds/benchmark_v3_curriculum/train/world_hard_direct_block_seed_000158.yaml,158,hard,direct_block,6,4,10,True,4.4569,5.6753,1.2734,0.541218,3.813634,-1.269799,2.200053,-0.3231
train,/root/leo_ws/src/leo_pybullet/worlds/benchmark_v3_curriculum/train/world_easy_clear_seed_000159.yaml,159,easy,clear,2,4,6,False,3.6389,3.7747,1.0373,-2.799748,-0.436172,-0.681438,0.144732,-2.574269
train,/root/leo_ws/src/leo_pybullet/worlds/benchmark_v3_curriculum/train/world_medium_direct_block_seed_000160.yaml,160,medium,direct_block,2,4,6,True,3.5523,4.4227,1.245,0.036381,-0.854462,-0.047007,3.565163,-1.262516
train,/root/leo_ws/src/leo_pybullet/worlds/benchmark_v3_curriculum/train/world_hard_direct_block_seed_000161.yaml,161,hard,direct_block,6,4,10,True,6.5936,7.3941,1.1214,0.766345,-3.958942,1.121598,3.609908,1.989966
train,/root/leo_ws/src/leo_pybullet/worlds/benchmark_v3_curriculum/train/world_easy_direct_block_seed_000162.yaml,162,easy,direct_block,1,4,5,True,4.7495,5.209,1.0968,2.293927,4.045627,-1.308959,3.898212,-0.424721
train,/root/leo_ws/src/leo_pybullet/worlds/benchmark_v3_curriculum/train/world_medium_clear_seed_000163.yaml,163,medium,clear,4,4,8,False,3.8293,3.9257,1.0252,1.030722,3.466305,-2.993387,-2.780356,3.092923
train,/root/leo_ws/src/leo_pybullet/worlds/benchmark_v3_curriculum/train/world_hard_direct_block_seed_000164.yaml,164,hard,direct_block,4,4,8,True,5.9557,7.0878,1.1901,2.051164,4.201201,-2.357281,-2.078963,-0.089722
train,/root/leo_ws/src/leo_pybullet/worlds/benchmark_v3_curriculum/train/world_easy_direct_block_seed_000165.yaml,165,easy,direct_block,1,4,5,True,3.6641,4.5245,1.2348,-3.72486,1.850885,-0.469868,-0.594675,-0.053675
train,/root/leo_ws/src/leo_pybullet/worlds/benchmark_v3_curriculum/train/world_medium_direct_block_seed_000166.yaml,166,medium,direct_block,2,4,6,True,6.4593,7.2729,1.126,1.125503,-0.790002,2.523345,-4.146381,2.942186
train,/root/leo_ws/src/leo_pybullet/worlds/benchmark_v3_curriculum/train/world_hard_clear_seed_000167.yaml,167,hard,clear,4,4,8,False,5.891,6.1851,1.0499,-2.655272,-4.065482,0.10972,3.201402,-3.430772
train,/root/leo_ws/src/leo_pybullet/worlds/benchmark_v3_curriculum/train/world_easy_direct_block_seed_000168.yaml,168,easy,direct_block,1,4,5,True,6.8695,7.4022,1.0775,3.341417,1.436198,2.859752,-3.283133,3.254126
train,/root/leo_ws/src/leo_pybullet/worlds/benchmark_v3_curriculum/train/world_medium_direct_block_seed_000169.yaml,169,medium,direct_block,3,4,7,True,3.9676,5.0433,1.2711,2.813603,2.812618,-2.311021,0.289836,-0.248774
train,/root/leo_ws/src/leo_pybullet/worlds/benchmark_v3_curriculum/train/world_hard_direct_block_seed_000170.yaml,170,hard,direct_block,5,4,9,True,5.8457,6.7816,1.1601,3.484209,0.735902,-2.658119,-1.575917,-2.191063
train,/root/leo_ws/src/leo_pybullet/worlds/benchmark_v3_curriculum/train/world_easy_clear_seed_000171.yaml,171,easy,clear,2,4,6,False,7.559,8.1918,1.0837,4.10332,-3.247249,2.102239,0.764322,3.534267
train,/root/leo_ws/src/leo_pybullet/worlds/benchmark_v3_curriculum/train/world_medium_direct_block_seed_000172.yaml,172,medium,direct_block,3,4,7,True,4.7474,5.7965,1.221,-0.927293,0.523543,-0.639595,2.759334,-2.467565
train,/root/leo_ws/src/leo_pybullet/worlds/benchmark_v3_curriculum/train/world_hard_direct_block_seed_000173.yaml,173,hard,direct_block,5,4,9,True,4.584,5.6284,1.2278,-2.952294,2.827592,-0.261276,1.55156,1.974056
train,/root/leo_ws/src/leo_pybullet/worlds/benchmark_v3_curriculum/train/world_easy_direct_block_seed_000174.yaml,174,easy,direct_block,1,4,5,True,5.8162,6.3896,1.0986,0.843775,1.679101,-1.425343,1.40552,-4.10995
train,/root/leo_ws/src/leo_pybullet/worlds/benchmark_v3_curriculum/train/world_medium_clear_seed_000175.yaml,175,medium,clear,3,4,7,False,3.8741,4.0194,1.0375,-2.255548,1.907535,-0.129921,1.607121,1.61066
train,/root/leo_ws/src/leo_pybullet/worlds/benchmark_v3_curriculum/train/world_hard_direct_block_seed_000176.yaml,176,hard,direct_block,4,4,8,True,6.2106,7.1541,1.1519,-3.777793,3.77272,-0.175547,2.357956,2.811125
train,/root/leo_ws/src/leo_pybullet/worlds/benchmark_v3_curriculum/train/world_easy_direct_block_seed_000177.yaml,177,easy,direct_block,1,4,5,True,7.0596,7.769,1.1005,-3.881825,2.799754,-0.231969,2.888377,0.799311
train,/root/leo_ws/src/leo_pybullet/worlds/benchmark_v3_curriculum/train/world_medium_direct_block_seed_000178.yaml,178,medium,direct_block,2,4,6,True,7.2049,8.2386,1.1435,-1.392022,1.954337,-0.620152,4.127627,-2.676442
train,/root/leo_ws/src/leo_pybullet/worlds/benchmark_v3_curriculum/train/world_hard_clear_seed_000179.yaml,179,hard,clear,4,4,8,False,4.201,4.6022,1.0955,0.498454,4.084065,-2.767979,-3.306837,2.304063
train,/root/leo_ws/src/leo_pybullet/worlds/benchmark_v3_curriculum/train/world_easy_direct_block_seed_000180.yaml,180,easy,direct_block,1,4,5,True,5.1834,5.8078,1.1205,-3.569927,-4.153288,1.254053,-1.998812,0.786302
train,/root/leo_ws/src/leo_pybullet/worlds/benchmark_v3_curriculum/train/world_medium_direct_block_seed_000181.yaml,181,medium,direct_block,4,4,8,True,6.8994,7.4353,1.0777,1.689628,-3.760294,1.325725,3.656385,2.852854
train,/root/leo_ws/src/leo_pybullet/worlds/benchmark_v3_curriculum/train/world_hard_direct_block_seed_000182.yaml,182,hard,direct_block,5,4,9,True,5.633,6.3953,1.1353,-1.245213,-2.265831,1.548104,-1.532811,3.359819
train,/root/leo_ws/src/leo_pybullet/worlds/benchmark_v3_curriculum/train/world_easy_clear_seed_000183.yaml,183,easy,clear,1,4,5,False,6.2121,6.41,1.0319,3.44226,-3.969617,2.304652,-0.606807,0.741593
train,/root/leo_ws/src/leo_pybullet/worlds/benchmark_v3_curriculum/train/world_medium_direct_block_seed_000184.yaml,184,medium,direct_block,3,4,7,True,4.6862,5.6914,1.2145,-1.379071,3.632909,-0.370429,2.979525,1.911512
train,/root/leo_ws/src/leo_pybullet/worlds/benchmark_v3_curriculum/train/world_hard_direct_block_seed_000185.yaml,185,hard,direct_block,4,4,8,True,4.0389,5.0571,1.2521,-2.960555,-1.710586,0.365359,0.786422,-0.202894
train,/root/leo_ws/src/leo_pybullet/worlds/benchmark_v3_curriculum/train/world_easy_direct_block_seed_000186.yaml,186,easy,direct_block,2,4,6,True,6.975,7.8386,1.1238,-0.230873,-3.223388,2.184314,-4.189942,2.519063
train,/root/leo_ws/src/leo_pybullet/worlds/benchmark_v3_curriculum/train/world_medium_clear_seed_000187.yaml,187,medium,clear,3,4,7,False,3.6029,3.6663,1.0176,1.142008,0.887779,-1.56141,1.009648,-2.712684
train,/root/leo_ws/src/leo_pybullet/worlds/benchmark_v3_curriculum/train/world_hard_direct_block_seed_000188.yaml,188,hard,direct_block,6,4,10,True,5.7406,6.3872,1.1126,4.098989,-3.334375,2.008382,1.642713,1.854198
train,/root/leo_ws/src/leo_pybullet/worlds/benchmark_v3_curriculum/train/world_easy_direct_block_seed_000189.yaml,189,easy,direct_block,2,4,6,True,4.1483,4.8559,1.1706,-2.863622,1.235178,-1.467115,-2.580766,-2.903418
train,/root/leo_ws/src/leo_pybullet/worlds/benchmark_v3_curriculum/train/world_medium_direct_block_seed_000190.yaml,190,medium,direct_block,2,4,6,True,5.9812,6.6878,1.1181,-0.89898,-3.619909,2.076851,-3.523972,1.754462
train,/root/leo_ws/src/leo_pybullet/worlds/benchmark_v3_curriculum/train/world_hard_clear_seed_000191.yaml,191,hard,clear,6,4,10,False,6.5986,7.121,1.0792,2.440057,3.157015,-1.948115,0.113096,-3.017626
train,/root/leo_ws/src/leo_pybullet/worlds/benchmark_v3_curriculum/train/world_easy_direct_block_seed_000192.yaml,192,easy,direct_block,2,4,6,True,5.3093,5.921,1.1152,2.826906,-3.509735,2.64151,-1.640329,-0.64044
train,/root/leo_ws/src/leo_pybullet/worlds/benchmark_v3_curriculum/train/world_medium_direct_block_seed_000193.yaml,193,medium,direct_block,4,4,8,True,5.9252,6.401,1.0803,-0.324494,3.66755,-2.037759,-2.777951,-1.725872
train,/root/leo_ws/src/leo_pybullet/worlds/benchmark_v3_curriculum/train/world_hard_direct_block_seed_000194.yaml,194,hard,direct_block,6,4,10,True,3.7331,4.952,1.3265,4.179354,-1.066038,2.545969,1.156233,1.124087
train,/root/leo_ws/src/leo_pybullet/worlds/benchmark_v3_curriculum/train/world_easy_clear_seed_000195.yaml,195,easy,clear,2,4,6,False,7.7804,7.8202,1.0051,-3.891792,-2.555535,0.790719,1.480629,3.072278
train,/root/leo_ws/src/leo_pybullet/worlds/benchmark_v3_curriculum/train/world_medium_direct_block_seed_000196.yaml,196,medium,direct_block,4,4,8,True,4.7275,5.8239,1.2319,0.063474,1.263697,2.653929,-4.002571,3.675438
train,/root/leo_ws/src/leo_pybullet/worlds/benchmark_v3_curriculum/train/world_hard_direct_block_seed_000197.yaml,197,hard,direct_block,6,4,10,True,6.7615,7.5929,1.123,-4.119616,-2.861797,0.475531,1.623503,0.706751
train,/root/leo_ws/src/leo_pybullet/worlds/benchmark_v3_curriculum/train/world_easy_direct_block_seed_000198.yaml,198,easy,direct_block,1,4,5,True,4.3916,5.0822,1.1572,0.615568,-0.165924,1.371914,1.450641,4.145543
train,/root/leo_ws/src/leo_pybullet/worlds/benchmark_v3_curriculum/train/world_medium_clear_seed_000199.yaml,199,medium,clear,3,4,7,False,4.6174,4.8251,1.045,2.076387,2.946796,-1.717096,1.421204,-1.623855
train,/root/leo_ws/src/leo_pybullet/worlds/benchmark_v3_curriculum/train/world_hard_direct_block_seed_000200.yaml,200,hard,direct_block,4,4,8,True,4.1738,5.2696,1.2625,-3.687612,3.969053,-1.091931,-2.062608,0.124574
train,/root/leo_ws/src/leo_pybullet/worlds/benchmark_v3_curriculum/train/world_easy_direct_block_seed_000201.yaml,201,easy,direct_block,1,4,5,True,3.5612,4.3371,1.2179,1.695678,1.548624,-1.763052,1.026103,-1.949018
train,/root/leo_ws/src/leo_pybullet/worlds/benchmark_v3_curriculum/train/world_medium_direct_block_seed_000202.yaml,202,medium,direct_block,3,4,7,True,4.4246,5.3302,1.2047,1.230636,-0.769776,2.684321,-2.566257,1.501953
train,/root/leo_ws/src/leo_pybullet/worlds/benchmark_v3_curriculum/train/world_hard_clear_seed_000203.yaml,203,hard,clear,4,4,8,False,5.5247,5.8045,1.0506,4.030479,-3.981948,2.949653,-1.419298,-3.074994
train,/root/leo_ws/src/leo_pybullet/worlds/benchmark_v3_curriculum/train/world_easy_direct_block_seed_000204.yaml,204,easy,direct_block,2,4,6,True,7.0464,7.9049,1.1218,3.06178,3.613494,-2.410333,-2.469757,-0.75156
train,/root/leo_ws/src/leo_pybullet/worlds/benchmark_v3_curriculum/train/world_medium_direct_block_seed_000205.yaml,205,medium,direct_block,3,4,7,True,4.4117,5.4571,1.237,-0.154938,-3.41246,0.829121,2.939513,-0.268067
train,/root/leo_ws/src/leo_pybullet/worlds/benchmark_v3_curriculum/train/world_hard_direct_block_seed_000206.yaml,206,hard,direct_block,4,4,8,True,3.8707,5.0182,1.2965,-0.207549,0.133964,0.918997,2.171635,3.1871
train,/root/leo_ws/src/leo_pybullet/worlds/benchmark_v3_curriculum/train/world_easy_clear_seed_000207.yaml,207,easy,clear,1,4,5,False,3.6949,3.9896,1.0798,-3.691514,0.594051,-0.375608,-0.335356,-0.951481
train,/root/leo_ws/src/leo_pybullet/worlds/benchmark_v3_curriculum/train/world_medium_direct_block_seed_000208.yaml,208,medium,direct_block,3,4,7,True,3.7515,4.6651,1.2435,3.00545,1.039977,2.726225,-0.360787,2.695913
train,/root/leo_ws/src/leo_pybullet/worlds/benchmark_v3_curriculum/train/world_hard_direct_block_seed_000209.yaml,209,hard,direct_block,6,4,10,True,4.508,5.3165,1.1794,1.478501,-3.587497,2.847736,-2.854056,-2.342274
train,/root/leo_ws/src/leo_pybullet/worlds/benchmark_v3_curriculum/train/world_easy_direct_block_seed_000210.yaml,210,easy,direct_block,2,4,6,True,7.3758,7.9896,1.0832,-4.189831,3.753609,0.022353,3.185547,3.674338
train,/root/leo_ws/src/leo_pybullet/worlds/benchmark_v3_curriculum/train/world_medium_clear_seed_000211.yaml,211,medium,clear,4,4,8,False,3.754,3.841,1.0232,-3.657982,-1.018851,0.64654,-0.743854,1.347667
train,/root/leo_ws/src/leo_pybullet/worlds/benchmark_v3_curriculum/train/world_hard_direct_block_seed_000212.yaml,212,hard,direct_block,5,4,9,True,3.9937,4.9302,1.2345,0.88859,-0.187537,1.788909,-0.269266,3.634628
train,/root/leo_ws/src/leo_pybullet/worlds/benchmark_v3_curriculum/train/world_easy_direct_block_seed_000213.yaml,213,easy,direct_block,1,4,5,True,7.5465,8.1506,1.08,3.505961,-2.888995,2.156255,-0.55698,3.470469
train,/root/leo_ws/src/leo_pybullet/worlds/benchmark_v3_curriculum/train/world_medium_direct_block_seed_000214.yaml,214,medium,direct_block,4,4,8,True,6.3405,6.9667,1.0987,3.472924,-0.772728,2.603766,-2.111975,2.229167
train,/root/leo_ws/src/leo_pybullet/worlds/benchmark_v3_curriculum/train/world_hard_clear_seed_000215.yaml,215,hard,clear,4,4,8,False,5.486,5.9484,1.0843,2.709724,-1.164539,2.753232,-2.411916,0.80138
train,/root/leo_ws/src/leo_pybullet/worlds/benchmark_v3_curriculum/train/world_easy_direct_block_seed_000216.yaml,216,easy,direct_block,1,4,5,True,3.7042,4.6845,1.2647,0.654461,-2.036966,0.755213,3.491128,0.345087
train,/root/leo_ws/src/leo_pybullet/worlds/benchmark_v3_curriculum/train/world_medium_direct_block_seed_000217.yaml,217,medium,direct_block,3,4,7,True,4.3394,5.0159,1.1559,-1.965235,-1.49572,0.211774,2.290075,-0.645756
train,/root/leo_ws/src/leo_pybullet/worlds/benchmark_v3_curriculum/train/world_hard_direct_block_seed_000218.yaml,218,hard,direct_block,5,4,9,True,5.1026,6.2627,1.2274,-2.664389,2.235812,-0.7476,0.85521,-1.458659
train,/root/leo_ws/src/leo_pybullet/worlds/benchmark_v3_curriculum/train/world_easy_clear_seed_000219.yaml,219,easy,clear,2,4,6,False,7.6197,8.2467,1.0823,3.065412,-1.117272,-2.845844,-4.062264,-3.810847
train,/root/leo_ws/src/leo_pybullet/worlds/benchmark_v3_curriculum/train/world_medium_direct_block_seed_000220.yaml,220,medium,direct_block,4,4,8,True,4.632,5.4959,1.1865,-2.856729,-1.160071,-0.608931,0.767136,-4.045007
train,/root/leo_ws/src/leo_pybullet/worlds/benchmark_v3_curriculum/train/world_hard_direct_block_seed_000221.yaml,221,hard,direct_block,4,4,8,True,5.6487,6.4422,1.1405,3.319634,2.275372,-1.487305,3.707567,-3.360004
train,/root/leo_ws/src/leo_pybullet/worlds/benchmark_v3_curriculum/train/world_easy_direct_block_seed_000222.yaml,222,easy,direct_block,1,4,5,True,6.7094,7.4055,1.1037,2.041736,-0.498914,-2.496782,-3.611845,-4.111887
train,/root/leo_ws/src/leo_pybullet/worlds/benchmark_v3_curriculum/train/world_medium_clear_seed_000223.yaml,223,medium,clear,3,4,7,False,5.6182,5.7974,1.0319,-1.207764,-2.647532,0.776583,2.979969,1.097685
train,/root/leo_ws/src/leo_pybullet/worlds/benchmark_v3_curriculum/train/world_hard_direct_block_seed_000224.yaml,224,hard,direct_block,4,4,8,True,4.4882,5.5096,1.2276,2.923677,-0.299707,1.217419,4.179384,4.009228
train,/root/leo_ws/src/leo_pybullet/worlds/benchmark_v3_curriculum/train/world_easy_direct_block_seed_000225.yaml,225,easy,direct_block,1,4,5,True,5.9854,6.9472,1.1607,-2.738172,1.628711,-0.935083,0.926323,-3.103749
train,/root/leo_ws/src/leo_pybullet/worlds/benchmark_v3_curriculum/train/world_medium_direct_block_seed_000226.yaml,226,medium,direct_block,3,4,7,True,5.2094,5.8684,1.1265,-3.979214,1.203455,0.373714,0.753946,3.379433
train,/root/leo_ws/src/leo_pybullet/worlds/benchmark_v3_curriculum/train/world_hard_clear_seed_000227.yaml,227,hard,clear,5,4,9,False,7.4971,7.6857,1.0252,3.366657,-1.192294,-3.103895,-4.120558,-1.576783
train,/root/leo_ws/src/leo_pybullet/worlds/benchmark_v3_curriculum/train/world_easy_direct_block_seed_000228.yaml,228,easy,direct_block,1,4,5,True,4.686,5.3027,1.1316,-3.495869,0.631214,-0.220391,1.139976,-0.052547
train,/root/leo_ws/src/leo_pybullet/worlds/benchmark_v3_curriculum/train/world_medium_direct_block_seed_000229.yaml,229,medium,direct_block,4,4,8,True,5.9971,6.6547,1.1097,-3.065782,3.47257,-1.124127,-0.596927,-1.992747
train,/root/leo_ws/src/leo_pybullet/worlds/benchmark_v3_curriculum/train/world_hard_direct_block_seed_000230.yaml,230,hard,direct_block,6,4,10,True,4.9494,5.5427,1.1199,-2.87447,2.765346,-0.34177,1.911833,1.505272
train,/root/leo_ws/src/leo_pybullet/worlds/benchmark_v3_curriculum/train/world_easy_clear_seed_000231.yaml,231,easy,clear,1,4,5,False,4.602,4.8971,1.0641,2.152959,3.578963,-2.860196,-2.28316,2.354689
train,/root/leo_ws/src/leo_pybullet/worlds/benchmark_v3_curriculum/train/world_medium_direct_block_seed_000232.yaml,232,medium,direct_block,3,4,7,True,5.5294,6.2684,1.1337,3.75678,-1.589786,2.684517,-1.073177,1.101997
train,/root/leo_ws/src/leo_pybullet/worlds/benchmark_v3_curriculum/train/world_hard_direct_block_seed_000233.yaml,233,hard,direct_block,6,4,10,True,7.5241,8.6249,1.1463,2.570954,-2.768044,2.28174,-2.288144,2.976584
train,/root/leo_ws/src/leo_pybullet/worlds/benchmark_v3_curriculum/train/world_easy_direct_block_seed_000234.yaml,234,easy,direct_block,2,4,6,True,4.0297,5.0239,1.2467,-1.999539,-3.760638,0.878625,0.683879,-0.754293
train,/root/leo_ws/src/leo_pybullet/worlds/benchmark_v3_curriculum/train/world_medium_clear_seed_000235.yaml,235,medium,clear,3,4,7,False,7.0429,7.4169,1.0531,1.913035,2.292623,-2.226349,-2.134218,-3.471186
train,/root/leo_ws/src/leo_pybullet/worlds/benchmark_v3_curriculum/train/world_hard_direct_block_seed_000236.yaml,236,hard,direct_block,6,4,10,True,5.1795,6.1553,1.1884,-1.09972,4.166887,-1.660301,-1.249873,-1.010437
train,/root/leo_ws/src/leo_pybullet/worlds/benchmark_v3_curriculum/train/world_easy_direct_block_seed_000237.yaml,237,easy,direct_block,2,4,6,True,7.7854,8.409,1.0801,3.443026,3.996743,-1.74833,2.501677,-3.731534
train,/root/leo_ws/src/leo_pybullet/worlds/benchmark_v3_curriculum/train/world_medium_direct_block_seed_000238.yaml,238,medium,direct_block,3,4,7,True,4.8801,5.7359,1.1754,-3.4856,1.864479,-1.549479,-3.691394,-3.011297
train,/root/leo_ws/src/leo_pybullet/worlds/benchmark_v3_curriculum/train/world_hard_clear_seed_000239.yaml,239,hard,clear,4,4,8,False,4.5304,4.9222,1.0865,-1.790108,2.228761,0.414992,2.370568,4.021251
train,/root/leo_ws/src/leo_pybullet/worlds/benchmark_v3_curriculum/train/world_easy_direct_block_seed_000240.yaml,240,easy,direct_block,1,4,5,True,7.0,7.4765,1.0681,3.785916,2.620391,-1.708925,2.398364,-4.240667
train,/root/leo_ws/src/leo_pybullet/worlds/benchmark_v3_curriculum/train/world_medium_direct_block_seed_000241.yaml,241,medium,direct_block,4,4,8,True,6.9603,7.8329,1.1254,0.286923,-3.368368,0.998262,3.602497,2.751485
train,/root/leo_ws/src/leo_pybullet/worlds/benchmark_v3_curriculum/train/world_hard_direct_block_seed_000242.yaml,242,hard,direct_block,5,4,9,True,5.3164,6.3759,1.1993,1.819679,-2.789396,2.47466,-2.524417,0.275328
train,/root/leo_ws/src/leo_pybullet/worlds/benchmark_v3_curriculum/train/world_easy_clear_seed_000243.yaml,243,easy,clear,2,4,6,False,3.7255,3.7335,1.0022,-4.218555,-1.135979,0.733823,-1.581024,1.495154
train,/root/leo_ws/src/leo_pybullet/worlds/benchmark_v3_curriculum/train/world_medium_direct_block_seed_000244.yaml,244,medium,direct_block,4,4,8,True,3.7738,4.7508,1.2589,-0.77433,2.498553,-1.355463,-0.28419,-1.243265
train,/root/leo_ws/src/leo_pybullet/worlds/benchmark_v3_curriculum/train/world_hard_direct_block_seed_000245.yaml,245,hard,direct_block,4,4,8,True,5.7015,6.5416,1.1473,-1.807818,-3.655032,1.525218,-1.447334,2.035088
train,/root/leo_ws/src/leo_pybullet/worlds/benchmark_v3_curriculum/train/world_easy_direct_block_seed_000246.yaml,246,easy,direct_block,1,4,5,True,4.5121,5.3496,1.1856,0.141753,1.87519,-2.572875,-3.691815,-0.504445
train,/root/leo_ws/src/leo_pybullet/worlds/benchmark_v3_curriculum/train/world_medium_clear_seed_000247.yaml,247,medium,clear,3,4,7,False,3.784,4.0971,1.0827,-1.376824,-1.288347,1.185547,-0.232901,2.318637
train,/root/leo_ws/src/leo_pybullet/worlds/benchmark_v3_curriculum/train/world_hard_direct_block_seed_000248.yaml,248,hard,direct_block,5,4,9,True,4.4283,5.6171,1.2685,1.521047,-2.166212,2.47803,-1.887908,0.660192
train,/root/leo_ws/src/leo_pybullet/worlds/benchmark_v3_curriculum/train/world_easy_direct_block_seed_000249.yaml,249,easy,direct_block,2,4,6,True,4.0764,5.049,1.2386,0.703876,0.884668,0.586852,4.142215,3.074386
train,/root/leo_ws/src/leo_pybullet/worlds/benchmark_v3_curriculum/train/world_medium_direct_block_seed_000250.yaml,250,medium,direct_block,3,4,7,True,5.1766,6.0147,1.1619,-0.834486,-2.914487,1.122516,1.457266,1.727194
train,/root/leo_ws/src/leo_pybullet/worlds/benchmark_v3_curriculum/train/world_hard_clear_seed_000251.yaml,251,hard,clear,5,4,9,False,7.6027,7.922,1.042,-3.935678,3.509757,-0.747857,2.054478,-1.171958
train,/root/leo_ws/src/leo_pybullet/worlds/benchmark_v3_curriculum/train/world_easy_direct_block_seed_000252.yaml,252,easy,direct_block,1,4,5,True,6.94,7.4102,1.0678,3.879259,-1.768304,-3.060067,-3.010919,-2.598391
train,/root/leo_ws/src/leo_pybullet/worlds/benchmark_v3_curriculum/train/world_medium_direct_block_seed_000253.yaml,253,medium,direct_block,4,4,8,True,3.9059,4.8445,1.2403,0.273507,-0.790444,2.653791,-3.009802,1.325242
train,/root/leo_ws/src/leo_pybullet/worlds/benchmark_v3_curriculum/train/world_hard_direct_block_seed_000254.yaml,254,hard,direct_block,5,4,9,True,3.7168,4.9108,1.3212,0.008398,-0.764345,-1.947914,-1.360453,-4.219871
train,/root/leo_ws/src/leo_pybullet/worlds/benchmark_v3_curriculum/train/world_easy_clear_seed_000255.yaml,255,easy,clear,1,4,5,False,5.6764,5.9849,1.0544,3.850414,-0.286823,-2.561949,-0.697961,-3.682903
train,/root/leo_ws/src/leo_pybullet/worlds/benchmark_v3_curriculum/train/world_medium_direct_block_seed_000256.yaml,256,medium,direct_block,3,4,7,True,4.2943,4.969,1.1571,-1.612039,-1.138997,0.169755,2.611686,-0.363746
train,/root/leo_ws/src/leo_pybullet/worlds/benchmark_v3_curriculum/train/world_hard_direct_block_seed_000257.yaml,257,hard,direct_block,5,4,9,True,6.5123,7.1953,1.1049,0.985523,-4.210597,1.361712,1.920721,2.234226
train,/root/leo_ws/src/leo_pybullet/worlds/benchmark_v3_curriculum/train/world_easy_direct_block_seed_000258.yaml,258,easy,direct_block,1,4,5,True,6.6476,7.5655,1.1381,3.179651,-4.245185,2.344065,-1.239279,0.721035
train,/root/leo_ws/src/leo_pybullet/worlds/benchmark_v3_curriculum/train/world_medium_clear_seed_000259.yaml,259,medium,clear,2,4,6,False,3.8582,4.169,1.0806,2.583897,-3.482235,2.088376,0.820725,-0.05052
train,/root/leo_ws/src/leo_pybullet/worlds/benchmark_v3_curriculum/train/world_hard_direct_block_seed_000260.yaml,260,hard,direct_block,4,4,8,True,4.6882,5.6422,1.2035,-3.642198,-0.787413,-0.440027,0.740257,-2.452763
train,/root/leo_ws/src/leo_pybullet/worlds/benchmark_v3_curriculum/train/world_easy_direct_block_seed_000261.yaml,261,easy,direct_block,2,4,6,True,4.3952,4.9165,1.1186,4.135881,-3.992595,1.673955,3.826771,0.391674
train,/root/leo_ws/src/leo_pybullet/worlds/benchmark_v3_curriculum/train/world_medium_direct_block_seed_000262.yaml,262,medium,direct_block,3,4,7,True,5.1278,6.2022,1.2095,2.173487,-0.77768,2.382429,-1.333612,2.963257
train,/root/leo_ws/src/leo_pybullet/worlds/benchmark_v3_curriculum/train/world_hard_clear_seed_000263.yaml,263,hard,clear,6,4,10,False,4.9211,5.0925,1.0348,-1.377494,2.804227,-1.509004,-1.04293,-2.105523
train,/root/leo_ws/src/leo_pybullet/worlds/benchmark_v3_curriculum/train/world_easy_direct_block_seed_000264.yaml,264,easy,direct_block,2,4,6,True,3.6994,4.5108,1.2193,0.391364,0.151802,2.159361,-1.522326,3.31775
train,/root/leo_ws/src/leo_pybullet/worlds/benchmark_v3_curriculum/train/world_medium_direct_block_seed_000265.yaml,265,medium,direct_block,3,4,7,True,4.5966,5.5096,1.1986,1.746283,4.229983,-2.427887,-1.866654,1.388208
train,/root/leo_ws/src/leo_pybullet/worlds/benchmark_v3_curriculum/train/world_hard_direct_block_seed_000266.yaml,266,hard,direct_block,4,4,8,True,4.1667,5.3714,1.2891,0.35564,1.492294,-1.788699,-0.46148,-2.593455
train,/root/leo_ws/src/leo_pybullet/worlds/benchmark_v3_curriculum/train/world_easy_clear_seed_000267.yaml,267,easy,clear,1,4,5,False,6.7386,7.1906,1.0671,0.703503,-3.927827,2.185573,-3.129445,1.614465
train,/root/leo_ws/src/leo_pybullet/worlds/benchmark_v3_curriculum/train/world_medium_direct_block_seed_000268.yaml,268,medium,direct_block,4,4,8,True,6.9277,7.4992,1.0825,-2.766703,0.640376,-0.532865,3.482791,-2.349125
train,/root/leo_ws/src/leo_pybullet/worlds/benchmark_v3_curriculum/train/world_hard_direct_block_seed_000269.yaml,269,hard,direct_block,4,4,8,True,5.3284,6.3153,1.1852,-3.046502,-1.272626,0.567937,1.328597,1.76888
train,/root/leo_ws/src/leo_pybullet/worlds/benchmark_v3_curriculum/train/world_easy_direct_block_seed_000270.yaml,270,easy,direct_block,1,4,5,True,4.1064,4.7565,1.1583,0.66944,1.218934,2.706415,-3.059153,2.939353
train,/root/leo_ws/src/leo_pybullet/worlds/benchmark_v3_curriculum/train/world_medium_clear_seed_000271.yaml,271,medium,clear,3,4,7,False,4.3813,4.7427,1.0825,1.317015,-1.36641,2.841221,-2.763813,0.228221
train,/root/leo_ws/src/leo_pybullet/worlds/benchmark_v3_curriculum/train/world_hard_direct_block_seed_000272.yaml,272,hard,direct_block,5,4,9,True,5.6749,6.6571,1.1731,1.61485,-1.921851,1.770838,0.939274,3.712676
train,/root/leo_ws/src/leo_pybullet/worlds/benchmark_v3_curriculum/train/world_easy_direct_block_seed_000273.yaml,273,easy,direct_block,1,4,5,True,4.2464,5.1176,1.2052,1.926844,4.207889,-3.01158,-2.243223,3.40625
train,/root/leo_ws/src/leo_pybullet/worlds/benchmark_v3_curriculum/train/world_medium_direct_block_seed_000274.yaml,274,medium,direct_block,2,4,6,True,4.3887,5.4902,1.251,-0.349437,-0.691092,-0.905059,2.499919,-4.029088
train,/root/leo_ws/src/leo_pybullet/worlds/benchmark_v3_curriculum/train/world_hard_clear_seed_000275.yaml,275,hard,clear,4,4,8,False,4.5283,4.5131,0.9966,-1.426841,1.076665,-0.038788,3.101059,1.013851
train,/root/leo_ws/src/leo_pybullet/worlds/benchmark_v3_curriculum/train/world_easy_direct_block_seed_000276.yaml,276,easy,direct_block,2,4,6,True,6.3228,6.7233,1.0633,-3.656414,3.738366,-0.259653,2.514103,2.358956
train,/root/leo_ws/src/leo_pybullet/worlds/benchmark_v3_curriculum/train/world_medium_direct_block_seed_000277.yaml,277,medium,direct_block,2,4,6,True,7.7883,8.3678,1.0744,3.562532,-2.406446,2.872282,-3.912175,-0.218533
train,/root/leo_ws/src/leo_pybullet/worlds/benchmark_v3_curriculum/train/world_hard_direct_block_seed_000278.yaml,278,hard,direct_block,5,4,9,True,5.5639,6.401,1.1504,-0.019663,-3.901661,1.336107,1.142047,1.539603
train,/root/leo_ws/src/leo_pybullet/worlds/benchmark_v3_curriculum/train/world_easy_clear_seed_000279.yaml,279,easy,clear,2,4,6,False,7.1534,7.6753,1.073,3.985006,-3.451309,2.815962,-2.910766,-1.54885
train,/root/leo_ws/src/leo_pybullet/worlds/benchmark_v3_curriculum/train/world_medium_direct_block_seed_000280.yaml,280,medium,direct_block,3,4,7,True,3.7458,4.8445,1.2933,-0.408315,-1.398577,-0.772967,2.193342,-4.093392
train,/root/leo_ws/src/leo_pybullet/worlds/benchmark_v3_curriculum/train/world_hard_direct_block_seed_000281.yaml,281,hard,direct_block,4,4,8,True,3.5142,4.7451,1.3503,-1.644833,-3.254873,1.188188,-0.47702,0.05958
train,/root/leo_ws/src/leo_pybullet/worlds/benchmark_v3_curriculum/train/world_easy_direct_block_seed_000282.yaml,282,easy,direct_block,1,4,5,True,7.9539,8.5027,1.069,4.026892,-2.962848,2.961714,-3.796491,-1.527604
train,/root/leo_ws/src/leo_pybullet/worlds/benchmark_v3_curriculum/train/world_medium_clear_seed_000283.yaml,283,medium,clear,4,4,8,False,7.3147,7.5976,1.0387,-4.073141,2.988278,0.1287,3.173667,3.982929
train,/root/leo_ws/src/leo_pybullet/worlds/benchmark_v3_curriculum/train/world_hard_direct_block_seed_000284.yaml,284,hard,direct_block,4,4,8,True,7.1832,8.2386,1.1469,-1.453668,-3.134898,0.808951,3.25134,2.292879
train,/root/leo_ws/src/leo_pybullet/worlds/benchmark_v3_curriculum/train/world_easy_direct_block_seed_000285.yaml,285,easy,direct_block,2,4,6,True,3.732,4.6376,1.2427,1.166628,1.120014,2.483483,-1.929575,3.203591
train,/root/leo_ws/src/leo_pybullet/worlds/benchmark_v3_curriculum/train/world_medium_direct_block_seed_000286.yaml,286,medium,direct_block,3,4,7,True,6.1815,6.6353,1.0734,-0.559839,-3.014953,1.302117,1.428736,2.837955
train,/root/leo_ws/src/leo_pybullet/worlds/benchmark_v3_curriculum/train/world_hard_clear_seed_000287.yaml,287,hard,clear,6,4,10,False,4.9108,5.3359,1.0866,-1.665266,-3.527047,1.913441,-3.336326,1.090704
train,/root/leo_ws/src/leo_pybullet/worlds/benchmark_v3_curriculum/train/world_easy_direct_block_seed_000288.yaml,288,easy,direct_block,2,4,6,True,7.4776,8.2443,1.1025,3.77651,2.507034,-2.139048,-0.169894,-3.844409
train,/root/leo_ws/src/leo_pybullet/worlds/benchmark_v3_curriculum/train/world_medium_direct_block_seed_000289.yaml,289,medium,direct_block,3,4,7,True,5.9594,6.6935,1.1232,2.637203,-2.669257,2.100638,-0.485177,2.40672
train,/root/leo_ws/src/leo_pybullet/worlds/benchmark_v3_curriculum/train/world_hard_direct_block_seed_000290.yaml,290,hard,direct_block,6,4,10,True,7.0141,7.7667,1.1073,3.758569,3.232735,-2.087609,0.791428,-3.122831
train,/root/leo_ws/src/leo_pybullet/worlds/benchmark_v3_curriculum/train/world_easy_clear_seed_000291.yaml,291,easy,clear,2,4,6,False,5.0528,5.2914,1.0472,1.98786,4.055445,-1.383113,2.792398,-0.932924
train,/root/leo_ws/src/leo_pybullet/worlds/benchmark_v3_curriculum/train/world_medium_direct_block_seed_000292.yaml,292,medium,direct_block,2,4,6,True,5.5574,6.2353,1.122,3.536956,0.674281,2.77997,-1.499795,3.022831
train,/root/leo_ws/src/leo_pybullet/worlds/benchmark_v3_curriculum/train/world_hard_direct_block_seed_000293.yaml,293,hard,direct_block,5,4,9,True,4.5012,5.8102,1.2908,-1.481405,3.760878,-0.063176,3.019734,3.790324
train,/root/leo_ws/src/leo_pybullet/worlds/benchmark_v3_curriculum/train/world_easy_direct_block_seed_000294.yaml,294,easy,direct_block,1,4,5,True,6.3773,6.8672,1.0768,-2.051938,-0.376386,-0.333757,3.838037,-2.821343
train,/root/leo_ws/src/leo_pybullet/worlds/benchmark_v3_curriculum/train/world_medium_clear_seed_000295.yaml,295,medium,clear,3,4,7,False,4.9739,5.1782,1.0411,2.544148,-2.461424,2.966566,-2.369572,-1.689878
train,/root/leo_ws/src/leo_pybullet/worlds/benchmark_v3_curriculum/train/world_hard_direct_block_seed_000296.yaml,296,hard,direct_block,4,4,8,True,4.1576,5.1645,1.2422,3.778726,-2.094839,-2.641965,0.013404,-3.857746
train,/root/leo_ws/src/leo_pybullet/worlds/benchmark_v3_curriculum/train/world_easy_direct_block_seed_000297.yaml,297,easy,direct_block,2,4,6,True,4.1108,4.8502,1.1799,0.450395,0.393319,1.123476,2.141834,4.140054
train,/root/leo_ws/src/leo_pybullet/worlds/benchmark_v3_curriculum/train/world_medium_direct_block_seed_000298.yaml,298,medium,direct_block,2,4,6,True,4.2525,5.1371,1.208,0.51596,-4.13831,2.021071,-1.651368,-0.479552
train,/root/leo_ws/src/leo_pybullet/worlds/benchmark_v3_curriculum/train/world_hard_clear_seed_000299.yaml,299,hard,clear,5,4,9,False,5.2078,5.6753,1.0898,-2.027008,-0.551654,-0.309762,2.816434,-2.465314
validation,/root/leo_ws/src/leo_pybullet/worlds/benchmark_v3_curriculum/validation/world_easy_direct_block_seed_100000.yaml,100000,easy,direct_block,1,4,5,True,6.0639,6.7096,1.1065,-0.119974,-4.101436,1.69712,-0.833702,1.920267
validation,/root/leo_ws/src/leo_pybullet/worlds/benchmark_v3_curriculum/validation/world_medium_direct_block_seed_100001.yaml,100001,medium,direct_block,3,4,7,True,7.5636,8.3518,1.1042,0.508824,-4.240619,2.097372,-3.130002,2.390123
validation,/root/leo_ws/src/leo_pybullet/worlds/benchmark_v3_curriculum/validation/world_hard_direct_block_seed_100002.yaml,100002,hard,direct_block,5,4,9,True,6.466,7.4216,1.1478,-2.077973,1.958345,-1.117619,0.869497,-3.796734
validation,/root/leo_ws/src/leo_pybullet/worlds/benchmark_v3_curriculum/validation/world_easy_clear_seed_100003.yaml,100003,easy,clear,2,4,6,False,7.7397,8.2822,1.0701,-3.604952,-1.474937,-0.277781,3.912183,-3.317748
validation,/root/leo_ws/src/leo_pybullet/worlds/benchmark_v3_curriculum/validation/world_medium_direct_block_seed_100004.yaml,100004,medium,direct_block,2,4,6,True,4.6692,5.369,1.1499,-3.28376,-1.721035,0.253056,1.315216,-0.914147
validation,/root/leo_ws/src/leo_pybullet/worlds/benchmark_v3_curriculum/validation/world_hard_direct_block_seed_100005.yaml,100005,hard,direct_block,6,4,10,True,5.2154,6.0284,1.1559,-3.017779,-0.738032,0.068349,2.197188,-0.804781
validation,/root/leo_ws/src/leo_pybullet/worlds/benchmark_v3_curriculum/validation/world_easy_direct_block_seed_100006.yaml,100006,easy,direct_block,1,4,5,True,5.0522,5.5096,1.0905,-0.144178,-3.732838,1.788735,-1.498186,1.134496
validation,/root/leo_ws/src/leo_pybullet/worlds/benchmark_v3_curriculum/validation/world_medium_clear_seed_100007.yaml,100007,medium,clear,2,4,6,False,6.5395,6.6557,1.0178,3.330401,-3.705699,2.368919,-1.145482,1.062016
validation,/root/leo_ws/src/leo_pybullet/worlds/benchmark_v3_curriculum/validation/world_hard_direct_block_seed_100008.yaml,100008,hard,direct_block,6,4,10,True,7.8615,8.8616,1.1272,-2.364181,-4.057722,1.258081,0.327281,3.328687
validation,/root/leo_ws/src/leo_pybullet/worlds/benchmark_v3_curriculum/validation/world_easy_direct_block_seed_100009.yaml,100009,easy,direct_block,1,4,5,True,4.2835,5.0022,1.1678,-3.824825,-0.984886,-0.166554,0.415116,-1.594534
validation,/root/leo_ws/src/leo_pybullet/worlds/benchmark_v3_curriculum/validation/world_medium_direct_block_seed_100010.yaml,100010,medium,direct_block,4,4,8,True,5.8522,6.881,1.1758,0.999509,-0.357663,2.413402,-3.188205,3.730232
validation,/root/leo_ws/src/leo_pybullet/worlds/benchmark_v3_curriculum/validation/world_hard_clear_seed_100011.yaml,100011,hard,clear,5,4,9,False,6.1814,6.649,1.0756,-3.256961,0.160572,0.367354,2.646782,1.992396
validation,/root/leo_ws/src/leo_pybullet/worlds/benchmark_v3_curriculum/validation/world_easy_direct_block_seed_100012.yaml,100012,easy,direct_block,1,4,5,True,7.9741,8.5667,1.0743,0.378008,3.824634,-1.919173,-2.396961,-3.651044
validation,/root/leo_ws/src/leo_pybullet/worlds/benchmark_v3_curriculum/validation/world_medium_direct_block_seed_100013.yaml,100013,medium,direct_block,2,4,6,True,5.0351,5.929,1.1775,-0.358405,-2.148637,0.951255,2.343459,2.100174
validation,/root/leo_ws/src/leo_pybullet/worlds/benchmark_v3_curriculum/validation/world_hard_direct_block_seed_100014.yaml,100014,hard,direct_block,4,4,8,True,5.7219,6.4833,1.1331,2.185228,2.178624,2.78809,-3.228844,4.029979
validation,/root/leo_ws/src/leo_pybullet/worlds/benchmark_v3_curriculum/validation/world_easy_clear_seed_100015.yaml,100015,easy,clear,2,4,6,False,6.5627,7.0523,1.0746,1.978778,0.604425,2.724695,-3.786642,3.739636
validation,/root/leo_ws/src/leo_pybullet/worlds/benchmark_v3_curriculum/validation/world_medium_direct_block_seed_100016.yaml,100016,medium,direct_block,4,4,8,True,6.2003,7.1735,1.157,3.143857,-0.704114,2.461387,-1.596449,3.292586
validation,/root/leo_ws/src/leo_pybullet/worlds/benchmark_v3_curriculum/validation/world_hard_direct_block_seed_100017.yaml,100017,hard,direct_block,4,4,8,True,6.6544,7.7771,1.1687,2.582941,-1.329421,-2.879605,-3.707344,-3.500375
validation,/root/leo_ws/src/leo_pybullet/worlds/benchmark_v3_curriculum/validation/world_easy_direct_block_seed_100018.yaml,100018,easy,direct_block,1,4,5,True,7.9364,8.5255,1.0742,-1.258638,3.027574,-1.197099,1.971164,-4.221892
validation,/root/leo_ws/src/leo_pybullet/worlds/benchmark_v3_curriculum/validation/world_medium_clear_seed_100019.yaml,100019,medium,clear,2,4,6,False,5.9062,6.3953,1.0828,-0.190647,1.507402,-1.161916,1.692428,-4.090583
validation,/root/leo_ws/src/leo_pybullet/worlds/benchmark_v3_curriculum/validation/world_hard_direct_block_seed_100020.yaml,100020,hard,direct_block,4,4,8,True,4.0182,5.0627,1.2599,-0.313916,-1.789983,2.865591,-4.140425,-0.563604
validation,/root/leo_ws/src/leo_pybullet/worlds/benchmark_v3_curriculum/validation/world_easy_direct_block_seed_100021.yaml,100021,easy,direct_block,1,4,5,True,4.3382,4.9965,1.1517,-3.922622,-2.543996,0.157654,0.347194,-1.776756
validation,/root/leo_ws/src/leo_pybullet/worlds/benchmark_v3_curriculum/validation/world_medium_direct_block_seed_100022.yaml,100022,medium,direct_block,4,4,8,True,4.8018,5.4959,1.1445,3.463329,-0.909657,-2.683371,-0.974281,-2.744154
validation,/root/leo_ws/src/leo_pybullet/worlds/benchmark_v3_curriculum/validation/world_hard_clear_seed_100023.yaml,100023,hard,clear,4,4,8,False,6.705,6.7863,1.0121,-2.20048,2.524642,-1.631376,-2.053466,-4.178732
validation,/root/leo_ws/src/leo_pybullet/worlds/benchmark_v3_curriculum/validation/world_easy_direct_block_seed_100024.yaml,100024,easy,direct_block,1,4,5,True,4.2818,5.0296,1.1746,-0.095335,1.67565,0.019259,4.183723,1.829832
validation,/root/leo_ws/src/leo_pybullet/worlds/benchmark_v3_curriculum/validation/world_medium_direct_block_seed_100025.yaml,100025,medium,direct_block,3,4,7,True,6.9309,7.5622,1.0911,-4.093323,-1.683525,0.207827,2.704401,-0.331286
validation,/root/leo_ws/src/leo_pybullet/worlds/benchmark_v3_curriculum/validation/world_hard_direct_block_seed_100026.yaml,100026,hard,direct_block,6,4,10,True,7.3673,8.5586,1.1617,4.167487,-1.536975,2.345311,-1.089455,3.624624
validation,/root/leo_ws/src/leo_pybullet/worlds/benchmark_v3_curriculum/validation/world_easy_clear_seed_100027.yaml,100027,easy,clear,1,4,5,False,4.9046,4.88,0.995,-2.788548,0.100006,-0.064589,2.115703,0.15621
validation,/root/leo_ws/src/leo_pybullet/worlds/benchmark_v3_curriculum/validation/world_medium_direct_block_seed_100028.yaml,100028,medium,direct_block,3,4,7,True,6.7872,7.8467,1.1561,2.752776,-2.579681,2.113704,-0.927168,3.123288
validation,/root/leo_ws/src/leo_pybullet/worlds/benchmark_v3_curriculum/validation/world_hard_direct_block_seed_100029.yaml,100029,hard,direct_block,4,4,8,True,7.782,8.9312,1.1477,2.007258,-2.587207,2.404495,-3.703998,2.698718
validation,/root/leo_ws/src/leo_pybullet/worlds/benchmark_v3_curriculum/validation/world_easy_direct_block_seed_100030.yaml,100030,easy,direct_block,1,4,5,True,4.0373,4.6296,1.1467,-1.923556,-1.011919,1.575926,-1.877742,3.025165
validation,/root/leo_ws/src/leo_pybullet/worlds/benchmark_v3_curriculum/validation/world_medium_clear_seed_100031.yaml,100031,medium,clear,3,4,7,False,7.0688,7.4376,1.0522,1.285398,-4.185722,1.48954,2.26274,2.815228
validation,/root/leo_ws/src/leo_pybullet/worlds/benchmark_v3_curriculum/validation/world_hard_direct_block_seed_100032.yaml,100032,hard,direct_block,4,4,8,True,5.244,5.9953,1.1433,3.695405,-3.211437,-2.89719,-1.46005,-4.170873
validation,/root/leo_ws/src/leo_pybullet/worlds/benchmark_v3_curriculum/validation/world_easy_direct_block_seed_100033.yaml,100033,easy,direct_block,1,4,5,True,3.9563,4.7153,1.1918,-1.934021,3.812412,-1.284907,-0.615963,0.082107
validation,/root/leo_ws/src/leo_pybullet/worlds/benchmark_v3_curriculum/validation/world_medium_direct_block_seed_100034.yaml,100034,medium,direct_block,3,4,7,True,5.3732,6.1496,1.1445,-1.122264,-1.616464,1.74417,-1.707549,3.724771
validation,/root/leo_ws/src/leo_pybullet/worlds/benchmark_v3_curriculum/validation/world_hard_clear_seed_100035.yaml,100035,hard,clear,6,4,10,False,7.7122,8.321,1.0789,-3.2469,0.066632,0.319107,4.116508,2.359689
validation,/root/leo_ws/src/leo_pybullet/worlds/benchmark_v3_curriculum/validation/world_easy_direct_block_seed_100036.yaml,100036,easy,direct_block,2,4,6,True,4.7125,5.2033,1.1042,1.234668,1.5888,-2.910172,-3.337606,0.447893
validation,/root/leo_ws/src/leo_pybullet/worlds/benchmark_v3_curriculum/validation/world_medium_direct_block_seed_100037.yaml,100037,medium,direct_block,3,4,7,True,7.4756,8.4649,1.1323,-2.521758,-3.94255,0.984712,2.021538,1.993979
validation,/root/leo_ws/src/leo_pybullet/worlds/benchmark_v3_curriculum/validation/world_hard_direct_block_seed_100038.yaml,100038,hard,direct_block,5,4,9,True,4.3621,5.5176,1.2649,-1.660263,3.335953,-1.424288,-1.027855,-0.980032
validation,/root/leo_ws/src/leo_pybullet/worlds/benchmark_v3_curriculum/validation/world_easy_clear_seed_100039.yaml,100039,easy,clear,2,4,6,False,4.5552,4.8445,1.0635,-3.147525,-3.215711,0.258323,1.331982,-2.388676
validation,/root/leo_ws/src/leo_pybullet/worlds/benchmark_v3_curriculum/validation/world_medium_direct_block_seed_100040.yaml,100040,medium,direct_block,4,4,8,True,6.6725,7.2729,1.09,-2.245083,-1.360915,0.436423,3.791878,1.481216
validation,/root/leo_ws/src/leo_pybullet/worlds/benchmark_v3_curriculum/validation/world_hard_direct_block_seed_100041.yaml,100041,hard,direct_block,4,4,8,True,7.6251,8.818,1.1564,-2.972591,-1.546856,0.805298,2.500455,3.762393
validation,/root/leo_ws/src/leo_pybullet/worlds/benchmark_v3_curriculum/validation/world_easy_direct_block_seed_100042.yaml,100042,easy,direct_block,1,4,5,True,5.322,5.9096,1.1104,-2.122512,-1.90465,1.461963,-1.430729,3.372189
validation,/root/leo_ws/src/leo_pybullet/worlds/benchmark_v3_curriculum/validation/world_medium_clear_seed_100043.yaml,100043,medium,clear,4,4,8,False,5.3605,5.4594,1.0184,-2.661787,3.817263,-1.575853,-2.956505,-1.535145
validation,/root/leo_ws/src/leo_pybullet/worlds/benchmark_v3_curriculum/validation/world_hard_direct_block_seed_100044.yaml,100044,hard,direct_block,6,4,10,True,7.2416,8.2855,1.1442,-2.337987,-2.453745,0.812751,2.237628,3.159108
validation,/root/leo_ws/src/leo_pybullet/worlds/benchmark_v3_curriculum/validation/world_easy_direct_block_seed_100045.yaml,100045,easy,direct_block,2,4,6,True,5.8697,6.3072,1.0745,3.081427,1.59487,2.7286,-2.236846,4.078733
validation,/root/leo_ws/src/leo_pybullet/worlds/benchmark_v3_curriculum/validation/world_medium_direct_block_seed_100046.yaml,100046,medium,direct_block,3,4,7,True,7.2462,7.8959,1.0897,-2.482508,-3.518364,1.683869,-2.769835,3.722137
validation,/root/leo_ws/src/leo_pybullet/worlds/benchmark_v3_curriculum/validation/world_hard_clear_seed_100047.yaml,100047,hard,clear,6,4,10,False,3.8647,4.1771,1.0808,-0.856375,-1.720513,-0.324642,2.8233,-2.902046
validation,/root/leo_ws/src/leo_pybullet/worlds/benchmark_v3_curriculum/validation/world_easy_direct_block_seed_100048.yaml,100048,easy,direct_block,2,4,6,True,4.3428,5.0684,1.1671,0.268914,2.124799,-2.795243,-3.918693,0.974337
validation,/root/leo_ws/src/leo_pybullet/worlds/benchmark_v3_curriculum/validation/world_medium_direct_block_seed_100049.yaml,100049,medium,direct_block,4,4,8,True,3.9532,4.9714,1.2576,-0.154471,4.01165,-2.679532,-3.575684,2.030982
validation,/root/leo_ws/src/leo_pybullet/worlds/benchmark_v3_curriculum/validation/world_hard_direct_block_seed_100050.yaml,100050,hard,direct_block,4,4,8,True,5.9693,7.1678,1.2008,2.324165,0.742878,-2.410359,-1.805703,-3.567181
validation,/root/leo_ws/src/leo_pybullet/worlds/benchmark_v3_curriculum/validation/world_easy_clear_seed_100051.yaml,100051,easy,clear,1,4,5,False,4.9085,5.0055,1.0198,0.682546,-3.582141,2.496529,-2.992238,-0.327986
validation,/root/leo_ws/src/leo_pybullet/worlds/benchmark_v3_curriculum/validation/world_medium_direct_block_seed_100052.yaml,100052,medium,direct_block,2,4,6,True,6.93,7.609,1.098,2.148915,-2.94201,1.520932,1.988338,3.986108
validation,/root/leo_ws/src/leo_pybullet/worlds/benchmark_v3_curriculum/validation/world_hard_direct_block_seed_100053.yaml,100053,hard,direct_block,5,4,9,True,6.3697,7.2502,1.1382,3.72051,-1.747144,2.86148,-2.33415,0.231218
validation,/root/leo_ws/src/leo_pybullet/worlds/benchmark_v3_curriculum/validation/world_easy_direct_block_seed_100054.yaml,100054,easy,direct_block,2,4,6,True,5.9355,6.7072,1.13,4.045984,-4.021428,2.691869,-1.127885,-1.11267
validation,/root/leo_ws/src/leo_pybullet/worlds/benchmark_v3_curriculum/validation/world_medium_clear_seed_100055.yaml,100055,medium,clear,4,4,8,False,6.8913,7.3302,1.0637,2.48204,2.994646,-1.743565,1.259668,-3.787426
validation,/root/leo_ws/src/leo_pybullet/worlds/benchmark_v3_curriculum/validation/world_hard_direct_block_seed_100056.yaml,100056,hard,direct_block,5,4,9,True,3.8523,4.7976,1.2454,0.779482,1.865008,-2.7134,-2.778701,0.388649
validation,/root/leo_ws/src/leo_pybullet/worlds/benchmark_v3_curriculum/validation/world_easy_direct_block_seed_100057.yaml,100057,easy,direct_block,2,4,6,True,5.8688,6.3096,1.0751,-1.154382,-2.28302,1.77388,-2.689517,3.381455
validation,/root/leo_ws/src/leo_pybullet/worlds/benchmark_v3_curriculum/validation/world_medium_direct_block_seed_100058.yaml,100058,medium,direct_block,2,4,6,True,3.9604,4.8753,1.231,2.372403,1.131708,-1.287841,3.521556,-2.658337
validation,/root/leo_ws/src/leo_pybullet/worlds/benchmark_v3_curriculum/validation/world_hard_clear_seed_100059.yaml,100059,hard,clear,4,4,8,False,6.3545,6.961,1.0954,0.839108,-3.362294,1.224145,3.141255,2.560487
test,/root/leo_ws/src/leo_pybullet/worlds/benchmark_v3_curriculum/test/world_easy_direct_block_seed_200000.yaml,200000,easy,direct_block,1,4,5,True,5.8204,6.7072,1.1524,4.16035,1.903591,-2.269237,0.68362,-2.764287
test,/root/leo_ws/src/leo_pybullet/worlds/benchmark_v3_curriculum/test/world_medium_direct_block_seed_200001.yaml,200001,medium,direct_block,4,4,8,True,5.1999,5.9541,1.145,1.062269,0.440087,-1.109984,3.356761,-4.226248
test,/root/leo_ws/src/leo_pybullet/worlds/benchmark_v3_curriculum/test/world_hard_direct_block_seed_200002.yaml,200002,hard,direct_block,4,4,8,True,6.1406,6.9359,1.1295,2.573673,2.505885,-2.714096,-3.21021,0.443359
test,/root/leo_ws/src/leo_pybullet/worlds/benchmark_v3_curriculum/test/world_easy_clear_seed_200003.yaml,200003,easy,clear,2,4,6,False,7.5914,8.0157,1.0559,1.375926,-2.441313,2.285942,-3.101414,3.689188
test,/root/leo_ws/src/leo_pybullet/worlds/benchmark_v3_curriculum/test/world_medium_direct_block_seed_200004.yaml,200004,medium,direct_block,3,4,7,True,5.4775,6.2547,1.1419,-1.885706,0.844489,-1.067627,0.924088,-3.857375
test,/root/leo_ws/src/leo_pybullet/worlds/benchmark_v3_curriculum/test/world_hard_direct_block_seed_200005.yaml,200005,hard,direct_block,4,4,8,True,5.2776,5.9953,1.136,3.330186,4.179275,-2.975577,-1.890869,3.408742
test,/root/leo_ws/src/leo_pybullet/worlds/benchmark_v3_curriculum/test/world_easy_direct_block_seed_200006.yaml,200006,easy,direct_block,2,4,6,True,4.4944,5.1565,1.1473,2.213206,0.141837,-1.967609,0.195548,-3.874169
test,/root/leo_ws/src/leo_pybullet/worlds/benchmark_v3_curriculum/test/world_medium_clear_seed_200007.yaml,200007,medium,clear,4,4,8,False,5.3366,5.458,1.0228,-0.063776,-3.948659,2.207688,-3.596991,0.050822
test,/root/leo_ws/src/leo_pybullet/worlds/benchmark_v3_curriculum/test/world_hard_direct_block_seed_200008.yaml,200008,hard,direct_block,4,4,8,True,6.6353,7.5645,1.14,-3.368485,1.770554,0.215186,3.064091,3.398199
test,/root/leo_ws/src/leo_pybullet/worlds/benchmark_v3_curriculum/test/world_easy_direct_block_seed_200009.yaml,200009,easy,direct_block,2,4,6,True,4.2504,5.0765,1.1943,0.361566,-3.77027,2.234913,-2.041074,-0.26406
test,/root/leo_ws/src/leo_pybullet/worlds/benchmark_v3_curriculum/test/world_medium_direct_block_seed_200010.yaml,200010,medium,direct_block,4,4,8,True,5.1803,5.9016,1.1392,3.162215,-2.101657,2.138316,0.420768,2.293796
test,/root/leo_ws/src/leo_pybullet/worlds/benchmark_v3_curriculum/test/world_hard_clear_seed_200011.yaml,200011,hard,clear,5,4,9,False,4.3177,4.4867,1.0391,1.638502,-2.869309,2.218416,-1.057775,0.503029
test,/root/leo_ws/src/leo_pybullet/worlds/benchmark_v3_curriculum/test/world_easy_direct_block_seed_200012.yaml,200012,easy,direct_block,1,4,5,True,6.0983,6.6765,1.0948,-0.552856,1.937557,-1.501851,0.296717,-4.101231
test,/root/leo_ws/src/leo_pybullet/worlds/benchmark_v3_curriculum/test/world_medium_direct_block_seed_200013.yaml,200013,medium,direct_block,4,4,8,True,5.9855,6.7622,1.1297,-3.360947,0.555072,-0.002527,2.617846,0.271119
test,/root/leo_ws/src/leo_pybullet/worlds/benchmark_v3_curriculum/test/world_hard_direct_block_seed_200014.yaml,200014,hard,direct_block,4,4,8,True,3.5739,4.6457,1.2999,-4.172882,2.015317,-1.129626,-2.783284,-1.277419
test,/root/leo_ws/src/leo_pybullet/worlds/benchmark_v3_curriculum/test/world_easy_clear_seed_200015.yaml,200015,easy,clear,2,4,6,False,5.8301,5.8925,1.0107,0.86056,-4.076249,1.477973,1.143296,1.746987
test,/root/leo_ws/src/leo_pybullet/worlds/benchmark_v3_curriculum/test/world_medium_direct_block_seed_200016.yaml,200016,medium,direct_block,2,4,6,True,4.0653,4.9084,1.2074,3.504919,1.732126,2.868837,-0.436597,2.727803
test,/root/leo_ws/src/leo_pybullet/worlds/benchmark_v3_curriculum/test/world_hard_direct_block_seed_200017.yaml,200017,hard,direct_block,6,4,10,True,3.807,4.8582,1.2761,0.420797,-3.306727,0.634845,3.51218,-1.084939
test,/root/leo_ws/src/leo_pybullet/worlds/benchmark_v3_curriculum/test/world_easy_direct_block_seed_200018.yaml,200018,easy,direct_block,1,4,5,True,7.5569,8.2912,1.0972,-2.394405,-2.180297,0.503851,3.964185,1.903166
test,/root/leo_ws/src/leo_pybullet/worlds/benchmark_v3_curriculum/test/world_medium_clear_seed_200019.yaml,200019,medium,clear,3,4,7,False,5.9631,6.3702,1.0683,2.321616,-1.795366,1.416144,3.636902,4.020859
test,/root/leo_ws/src/leo_pybullet/worlds/benchmark_v3_curriculum/test/world_hard_direct_block_seed_200020.yaml,200020,hard,direct_block,4,4,8,True,5.6356,6.6684,1.1833,-2.63988,-2.667554,0.570089,2.030221,0.486786
test,/root/leo_ws/src/leo_pybullet/worlds/benchmark_v3_curriculum/test/world_easy_direct_block_seed_200021.yaml,200021,easy,direct_block,2,4,6,True,7.8869,8.5231,1.0807,-3.236994,3.082913,-0.555031,3.306728,-1.319644
test,/root/leo_ws/src/leo_pybullet/worlds/benchmark_v3_curriculum/test/world_medium_direct_block_seed_200022.yaml,200022,medium,direct_block,4,4,8,True,4.6028,5.5759,1.2114,-2.097456,-1.073154,0.609925,1.851528,1.291423
test,/root/leo_ws/src/leo_pybullet/worlds/benchmark_v3_curriculum/test/world_hard_clear_seed_200023.yaml,200023,hard,clear,5,4,9,False,6.4233,6.5563,1.0207,1.022151,-0.621362,2.239214,-3.260776,4.165586
test,/root/leo_ws/src/leo_pybullet/worlds/benchmark_v3_curriculum/test/world_easy_direct_block_seed_200024.yaml,200024,easy,direct_block,1,4,5,True,7.1882,7.6833,1.0689,1.365753,2.929205,-1.758319,0.501763,-4.206846
test,/root/leo_ws/src/leo_pybullet/worlds/benchmark_v3_curriculum/test/world_medium_direct_block_seed_200025.yaml,200025,medium,direct_block,3,4,7,True,6.0153,6.9141,1.1494,1.829114,3.095818,-2.276124,-1.732008,-1.75207
test,/root/leo_ws/src/leo_pybullet/worlds/benchmark_v3_curriculum/test/world_hard_direct_block_seed_200026.yaml,200026,hard,direct_block,6,4,10,True,5.0782,5.7884,1.1399,-4.138998,1.344652,0.250721,0.833189,2.376664
test,/root/leo_ws/src/leo_pybullet/worlds/benchmark_v3_curriculum/test/world_easy_clear_seed_200027.yaml,200027,easy,clear,2,4,6,False,6.8868,7.4798,1.0861,0.496735,2.048244,-1.218929,3.303315,-4.240714
test,/root/leo_ws/src/leo_pybullet/worlds/benchmark_v3_curriculum/test/world_medium_direct_block_seed_200028.yaml,200028,medium,direct_block,3,4,7,True,3.9237,4.9908,1.272,3.619735,-1.416905,-2.402463,0.552382,-3.863645
test,/root/leo_ws/src/leo_pybullet/worlds/benchmark_v3_curriculum/test/world_hard_direct_block_seed_200029.yaml,200029,hard,direct_block,5,4,9,True,6.4879,7.4935,1.155,0.238633,3.071851,-2.218259,-3.577965,-2.174732
test,/root/leo_ws/src/leo_pybullet/worlds/benchmark_v3_curriculum/test/world_easy_direct_block_seed_200030.yaml,200030,easy,direct_block,2,4,6,True,7.4116,8.1174,1.0952,3.737137,-2.695636,2.478539,-2.280511,1.631006
test,/root/leo_ws/src/leo_pybullet/worlds/benchmark_v3_curriculum/test/world_medium_clear_seed_200031.yaml,200031,medium,clear,4,4,8,False,3.8804,4.0478,1.0431,0.837862,-2.441476,2.113324,-1.41612,0.717222
test,/root/leo_ws/src/leo_pybullet/worlds/benchmark_v3_curriculum/test/world_hard_direct_block_seed_200032.yaml,200032,hard,direct_block,4,4,8,True,4.5578,5.6833,1.2469,3.863504,4.005012,-3.033025,-0.654632,3.404933
test,/root/leo_ws/src/leo_pybullet/worlds/benchmark_v3_curriculum/test/world_easy_direct_block_seed_200033.yaml,200033,easy,direct_block,1,4,5,True,4.734,5.3359,1.1271,3.914974,-0.483808,1.79612,2.668438,4.083107
test,/root/leo_ws/src/leo_pybullet/worlds/benchmark_v3_curriculum/test/world_medium_direct_block_seed_200034.yaml,200034,medium,direct_block,4,4,8,True,6.7316,7.369,1.0947,3.62795,1.779375,-3.023055,-3.039593,0.853211
test,/root/leo_ws/src/leo_pybullet/worlds/benchmark_v3_curriculum/test/world_hard_clear_seed_200035.yaml,200035,hard,clear,5,4,9,False,6.0027,6.5141,1.0852,1.0475,4.243488,-1.118574,3.463817,-1.251453
test,/root/leo_ws/src/leo_pybullet/worlds/benchmark_v3_curriculum/test/world_easy_direct_block_seed_200036.yaml,200036,easy,direct_block,2,4,6,True,5.131,6.1084,1.1905,-1.374186,-3.194582,0.883034,1.845731,0.80039
test,/root/leo_ws/src/leo_pybullet/worlds/benchmark_v3_curriculum/test/world_medium_direct_block_seed_200037.yaml,200037,medium,direct_block,3,4,7,True,4.9466,5.6422,1.1406,2.714449,-0.11566,-3.094938,-2.227543,-0.328423
test,/root/leo_ws/src/leo_pybullet/worlds/benchmark_v3_curriculum/test/world_hard_direct_block_seed_200038.yaml,200038,hard,direct_block,5,4,9,True,4.3988,5.5508,1.2619,0.452556,1.069425,-2.174078,-2.122622,-2.496756
test,/root/leo_ws/src/leo_pybullet/worlds/benchmark_v3_curriculum/test/world_easy_clear_seed_200039.yaml,200039,easy,clear,1,4,5,False,6.7977,7.1906,1.0578,-0.152794,-1.843923,0.98366,3.712319,3.748006
test,/root/leo_ws/src/leo_pybullet/worlds/benchmark_v3_curriculum/test/world_medium_direct_block_seed_200040.yaml,200040,medium,direct_block,4,4,8,True,6.852,7.8992,1.1528,-1.069459,-1.646419,0.873471,3.537442,3.425683
test,/root/leo_ws/src/leo_pybullet/worlds/benchmark_v3_curriculum/test/world_hard_direct_block_seed_200041.yaml,200041,hard,direct_block,4,4,8,True,6.2182,6.9222,1.1132,-1.944229,-1.872606,-0.164145,4.231254,-2.599982
test,/root/leo_ws/src/leo_pybullet/worlds/benchmark_v3_curriculum/test/world_easy_direct_block_seed_200042.yaml,200042,easy,direct_block,1,4,5,True,7.8642,8.8706,1.128,3.696851,4.049061,-2.39391,-1.910498,-1.464833
test,/root/leo_ws/src/leo_pybullet/worlds/benchmark_v3_curriculum/test/world_medium_clear_seed_200043.yaml,200043,medium,clear,3,4,7,False,4.6467,4.7655,1.0256,3.043709,1.684902,-2.399444,-0.137331,-1.702207
test,/root/leo_ws/src/leo_pybullet/worlds/benchmark_v3_curriculum/test/world_hard_direct_block_seed_200044.yaml,200044,hard,direct_block,5,4,9,True,7.2808,8.3016,1.1402,-0.268587,3.683256,-1.979837,-3.039633,-3.049596
test,/root/leo_ws/src/leo_pybullet/worlds/benchmark_v3_curriculum/test/world_easy_direct_block_seed_200045.yaml,200045,easy,direct_block,1,4,5,True,7.8501,8.4374,1.0748,0.459343,-3.357889,2.141734,-3.314161,3.525784
test,/root/leo_ws/src/leo_pybullet/worlds/benchmark_v3_curriculum/test/world_medium_direct_block_seed_200046.yaml,200046,medium,direct_block,2,4,6,True,3.9595,4.6822,1.1825,-0.45715,2.103153,-1.478997,-0.042674,-1.834588
test,/root/leo_ws/src/leo_pybullet/worlds/benchmark_v3_curriculum/test/world_hard_clear_seed_200047.yaml,200047,hard,clear,5,4,9,False,4.0876,4.2467,1.0389,0.026114,1.41968,2.487158,-3.045014,4.117178
test,/root/leo_ws/src/leo_pybullet/worlds/benchmark_v3_curriculum/test/world_easy_direct_block_seed_200048.yaml,200048,easy,direct_block,2,4,6,True,3.5688,4.4171,1.2377,1.065997,-2.205704,0.562073,4.21145,-0.519642
test,/root/leo_ws/src/leo_pybullet/worlds/benchmark_v3_curriculum/test/world_medium_direct_block_seed_200049.yaml,200049,medium,direct_block,4,4,8,True,5.6785,6.4478,1.1355,2.314332,1.097353,-2.526576,-2.445209,-1.999748
test,/root/leo_ws/src/leo_pybullet/worlds/benchmark_v3_curriculum/test/world_hard_direct_block_seed_200050.yaml,200050,hard,direct_block,5,4,9,True,6.3712,7.0547,1.1073,4.103065,-1.693548,2.771807,-1.81299,0.671295
test,/root/leo_ws/src/leo_pybullet/worlds/benchmark_v3_curriculum/test/world_easy_clear_seed_200051.yaml,200051,easy,clear,1,4,5,False,5.1019,5.272,1.0333,2.503927,-3.505845,1.686121,1.973753,1.568469
test,/root/leo_ws/src/leo_pybullet/worlds/benchmark_v3_curriculum/test/world_medium_direct_block_seed_200052.yaml,200052,medium,direct_block,3,4,7,True,7.0655,7.6341,1.0805,3.764599,4.155905,-1.950775,1.383634,-2.49631
test,/root/leo_ws/src/leo_pybullet/worlds/benchmark_v3_curriculum/test/world_hard_direct_block_seed_200053.yaml,200053,hard,direct_block,6,4,10,True,4.7239,5.7496,1.2171,-1.897644,0.937359,-0.79146,1.697406,-2.127161
test,/root/leo_ws/src/leo_pybullet/worlds/benchmark_v3_curriculum/test/world_easy_direct_block_seed_200054.yaml,200054,easy,direct_block,2,4,6,True,7.2754,8.0649,1.1085,2.058223,0.46556,-2.536395,-3.971961,-3.604901
test,/root/leo_ws/src/leo_pybullet/worlds/benchmark_v3_curriculum/test/world_medium_clear_seed_200055.yaml,200055,medium,clear,4,4,8,False,7.3,7.8684,1.0779,3.647178,-2.980403,1.800756,1.615442,4.031129
test,/root/leo_ws/src/leo_pybullet/worlds/benchmark_v3_curriculum/test/world_hard_direct_block_seed_200056.yaml,200056,hard,direct_block,4,4,8,True,4.0205,5.2114,1.2962,0.184773,3.035034,2.934556,-3.771656,3.75003
test,/root/leo_ws/src/leo_pybullet/worlds/benchmark_v3_curriculum/test/world_easy_direct_block_seed_200057.yaml,200057,easy,direct_block,2,4,6,True,3.7637,4.569,1.214,-1.550676,1.330517,-1.7119,-1.988036,-2.407683
test,/root/leo_ws/src/leo_pybullet/worlds/benchmark_v3_curriculum/test/world_medium_direct_block_seed_200058.yaml,200058,medium,direct_block,4,4,8,True,5.119,5.7941,1.1319,2.371625,2.505886,-1.943442,0.242219,-2.149219
test,/root/leo_ws/src/leo_pybullet/worlds/benchmark_v3_curriculum/test/world_hard_clear_seed_200059.yaml,200059,hard,clear,6,4,10,False,5.8022,5.8731,1.0122,-3.3202,-1.783835,1.662692,-3.381979,4.018053
test,/root/leo_ws/src/leo_pybullet/worlds/benchmark_v3_curriculum/test/world_easy_direct_block_seed_200060.yaml,200060,easy,direct_block,1,4,5,True,4.2375,5.0765,1.198,-1.213988,1.826263,-0.553653,2.259112,-0.601423
test,/root/leo_ws/src/leo_pybullet/worlds/benchmark_v3_curriculum/test/world_medium_direct_block_seed_200061.yaml,200061,medium,direct_block,3,4,7,True,6.2607,7.1872,1.148,3.684193,2.982658,-2.05277,0.324984,-2.300486
test,/root/leo_ws/src/leo_pybullet/worlds/benchmark_v3_curriculum/test/world_hard_direct_block_seed_200062.yaml,200062,hard,direct_block,6,4,10,True,5.1509,5.7941,1.1249,-3.316604,-2.343921,-0.442062,1.508862,-4.145902
test,/root/leo_ws/src/leo_pybullet/worlds/benchmark_v3_curriculum/test/world_easy_clear_seed_200063.yaml,200063,easy,clear,2,4,6,False,5.0556,5.0249,0.9939,-1.342715,0.718301,-0.754976,2.30118,-2.78607
test,/root/leo_ws/src/leo_pybullet/worlds/benchmark_v3_curriculum/test/world_medium_direct_block_seed_200064.yaml,200064,medium,direct_block,4,4,8,True,4.6292,5.4822,1.1843,1.819916,3.780763,-1.509353,2.440994,-0.806554
test,/root/leo_ws/src/leo_pybullet/worlds/benchmark_v3_curriculum/test/world_hard_direct_block_seed_200065.yaml,200065,hard,direct_block,5,4,9,True,4.1709,5.1645,1.2382,1.99185,-1.427772,2.559038,-1.556126,0.765026
test,/root/leo_ws/src/leo_pybullet/worlds/benchmark_v3_curriculum/test/world_easy_direct_block_seed_200066.yaml,200066,easy,direct_block,2,4,6,True,6.2146,6.7267,1.0824,1.93021,-2.76773,2.031542,-0.860084,2.785288
test,/root/leo_ws/src/leo_pybullet/worlds/benchmark_v3_curriculum/test/world_medium_clear_seed_200067.yaml,200067,medium,clear,3,4,7,False,7.4234,8.0398,1.083,3.198067,-0.336511,2.673563,-3.682678,2.449686
test,/root/leo_ws/src/leo_pybullet/worlds/benchmark_v3_curriculum/test/world_hard_direct_block_seed_200068.yaml,200068,hard,direct_block,4,4,8,True,5.92,6.9747,1.1782,3.560386,2.878794,-2.262776,0.159804,-1.967018
test,/root/leo_ws/src/leo_pybullet/worlds/benchmark_v3_curriculum/test/world_easy_direct_block_seed_200069.yaml,200069,easy,direct_block,2,4,6,True,5.6097,6.5278,1.1637,2.922042,-0.636979,2.292285,-0.939908,3.431654
test,/root/leo_ws/src/leo_pybullet/worlds/benchmark_v3_curriculum/test/world_medium_direct_block_seed_200070.yaml,200070,medium,direct_block,3,4,7,True,7.0576,7.9323,1.1239,-0.0051,3.827444,-2.249176,-4.003153,-1.988544
test,/root/leo_ws/src/leo_pybullet/worlds/benchmark_v3_curriculum/test/world_hard_clear_seed_200071.yaml,200071,hard,clear,5,4,9,False,4.8886,5.0992,1.0431,-0.144189,-2.803278,2.545412,-3.971298,0.238423
test,/root/leo_ws/src/leo_pybullet/worlds/benchmark_v3_curriculum/test/world_easy_direct_block_seed_200072.yaml,200072,easy,direct_block,1,4,5,True,6.7142,7.1759,1.0688,2.353622,3.838969,-1.345388,4.1475,-2.63111
test,/root/leo_ws/src/leo_pybullet/worlds/benchmark_v3_curriculum/test/world_medium_direct_block_seed_200073.yaml,200073,medium,direct_block,4,4,8,True,5.0249,6.009,1.1959,0.35199,-3.860427,2.192287,-2.608583,0.19966
test,/root/leo_ws/src/leo_pybullet/worlds/benchmark_v3_curriculum/test/world_hard_direct_block_seed_200074.yaml,200074,hard,direct_block,4,4,8,True,5.1438,5.9016,1.1473,-1.352455,3.101564,-1.364071,-0.328306,-1.939298
test,/root/leo_ws/src/leo_pybullet/worlds/benchmark_v3_curriculum/test/world_easy_clear_seed_200075.yaml,200075,easy,clear,1,4,5,False,6.2047,6.7153,1.0823,3.555106,3.745044,-2.861604,-2.334185,1.791805
test,/root/leo_ws/src/leo_pybullet/worlds/benchmark_v3_curriculum/test/world_medium_direct_block_seed_200076.yaml,200076,medium,direct_block,3,4,7,True,4.0114,4.6627,1.1624,-1.826469,2.606328,0.024644,2.182437,2.465019
test,/root/leo_ws/src/leo_pybullet/worlds/benchmark_v3_curriculum/test/world_hard_direct_block_seed_200077.yaml,200077,hard,direct_block,4,4,8,True,5.9205,7.0878,1.1972,-1.596334,0.080119,-0.714461,2.974715,-3.682506
test,/root/leo_ws/src/leo_pybullet/worlds/benchmark_v3_curriculum/test/world_easy_direct_block_seed_200078.yaml,200078,easy,direct_block,1,4,5,True,7.3787,7.9712,1.0803,-4.234706,4.007778,-0.527778,2.151904,0.312252
test,/root/leo_ws/src/leo_pybullet/worlds/benchmark_v3_curriculum/test/world_medium_clear_seed_200079.yaml,200079,medium,clear,3,4,7,False,4.8683,5.1267,1.0531,3.407942,-3.025975,2.201045,0.669528,0.999098
test,/root/leo_ws/src/leo_pybullet/worlds/benchmark_v3_curriculum/test/world_hard_direct_block_seed_200080.yaml,200080,hard,direct_block,4,4,8,True,5.8729,7.0078,1.1933,-0.112054,1.452606,-2.253111,-4.091889,-2.866113
test,/root/leo_ws/src/leo_pybullet/worlds/benchmark_v3_curriculum/test/world_easy_direct_block_seed_200081.yaml,200081,easy,direct_block,2,4,6,True,4.8199,5.4272,1.126,2.624807,0.864567,-1.949863,0.758336,-3.579313
test,/root/leo_ws/src/leo_pybullet/worlds/benchmark_v3_curriculum/test/world_medium_direct_block_seed_200082.yaml,200082,medium,direct_block,3,4,7,True,6.7696,7.4467,1.1,-2.094083,3.045793,-0.440294,4.063982,0.23397
test,/root/leo_ws/src/leo_pybullet/worlds/benchmark_v3_curriculum/test/world_hard_clear_seed_200083.yaml,200083,hard,clear,4,4,8,False,5.5778,5.7988,1.0396,-3.86207,1.87858,-0.127343,1.694746,1.394997
test,/root/leo_ws/src/leo_pybullet/worlds/benchmark_v3_curriculum/test/world_easy_direct_block_seed_200084.yaml,200084,easy,direct_block,1,4,5,True,7.4462,7.9484,1.0674,-2.332163,3.267929,-1.313401,-0.373517,-3.916059
test,/root/leo_ws/src/leo_pybullet/worlds/benchmark_v3_curriculum/test/world_medium_direct_block_seed_200085.yaml,200085,medium,direct_block,3,4,7,True,4.6037,5.3222,1.1561,-0.861635,-0.36455,1.590632,-0.762395,4.238089
test,/root/leo_ws/src/leo_pybullet/worlds/benchmark_v3_curriculum/test/world_hard_direct_block_seed_200086.yaml,200086,hard,direct_block,5,4,9,True,3.5134,4.7427,1.3499,-2.820751,-2.011324,1.71791,-3.371929,1.458543
test,/root/leo_ws/src/leo_pybullet/worlds/benchmark_v3_curriculum/test/world_easy_clear_seed_200087.yaml,200087,easy,clear,2,4,6,False,5.144,5.5953,1.0877,-3.774465,3.021858,-0.464952,0.977918,1.053298
test,/root/leo_ws/src/leo_pybullet/worlds/benchmark_v3_curriculum/test/world_medium_direct_block_seed_200088.yaml,200088,medium,direct_block,3,4,7,True,7.0429,8.0592,1.1443,2.294402,-3.902778,2.441471,-2.879294,0.875832
test,/root/leo_ws/src/leo_pybullet/worlds/benchmark_v3_curriculum/test/world_hard_direct_block_seed_200089.yaml,200089,hard,direct_block,4,4,8,True,6.2536,7.1872,1.1493,-4.215864,0.50759,0.566806,1.004335,3.950967
